Data,Concurso,Num 1,Num 2,Num 3,Num 4,Num 5,Num 6
30/11/2022,2544,4,5,30,33,41,52
11/03/1996,1,9,37,39,41,43,49
18/03/1996,2,10,11,29,30,36,47
25/03/1996,3,1,5,6,27,42,59
01/04/1996,4,1,2,6,16,19,46
08/04/1996,5,7,13,19,22,40,47
15/04/1996,6,3,5,20,21,38,56
22/04/1996,7,4,17,37,38,47,53
29/04/1996,8,8,43,54,55,56,60
06/05/1996,9,4,18,21,25,38,57
13/05/1996,10,15,25,37,38,58,59
20/05/1996,11,4,16,19,20,27,43
27/05/1996,12,18,32,47,50,54,56
03/06/1996,13,2,16,23,27,47,53
10/06/1996,14,12,33,35,51,52,60
17/06/1996,15,20,32,34,49,58,60
24/06/1996,16,6,10,13,19,20,51
01/07/1996,17,23,27,36,37,42,56
08/07/1996,18,5,10,12,24,25,60
15/07/1996,19,11,25,28,30,33,51
22/07/1996,20,6,33,36,46,49,53
29/07/1996,21,1,9,31,38,46,56
05/08/1996,22,17,37,39,51,52,59
12/08/1996,23,1,8,14,28,33,43
19/08/1996,24,24,43,50,54,55,56
25/08/1996,25,10,22,50,53,57,58
01/09/1996,26,13,17,20,33,44,51
08/09/1996,27,3,6,22,24,54,60
15/09/1996,28,3,8,14,43,56,58
22/09/1996,29,7,14,15,29,38,50
29/09/1996,30,17,19,28,45,48,56
06/10/1996,31,5,14,33,36,43,44
13/10/1996,32,5,17,33,39,42,49
20/10/1996,33,13,15,17,40,53,57
27/10/1996,34,4,16,21,23,54,57
03/11/1996,35,3,13,17,25,29,51
10/11/1996,36,6,7,22,38,52,60
17/11/1996,37,10,42,43,45,54,55
24/11/1996,38,12,16,37,45,52,56
01/12/1996,39,3,5,8,12,46,47
08/12/1996,40,12,26,35,38,39,47
15/12/1996,41,7,11,19,24,33,36
22/12/1996,42,2,6,17,25,26,58
29/12/1996,43,14,18,29,38,44,47
05/01/1997,44,7,30,37,44,53,55
12/01/1997,45,1,23,24,32,46,60
19/01/1997,46,3,17,25,35,48,56
26/01/1997,47,2,5,28,34,47,50
02/02/1997,48,7,13,33,35,43,55
09/02/1997,49,6,16,21,44,57,58
16/02/1997,50,17,23,24,25,42,47
23/02/1997,51,15,30,38,46,58,59
02/03/1997,52,3,13,16,38,42,46
09/03/1997,53,5,9,18,21,36,56
16/03/1997,54,2,14,23,29,38,52
23/03/1997,55,2,7,20,35,51,59
30/03/1997,56,7,16,17,27,34,59
06/04/1997,57,12,27,30,37,44,49
13/04/1997,58,2,8,13,28,34,54
20/04/1997,59,3,14,15,20,21,38
27/04/1997,60,8,18,29,42,44,59
04/05/1997,61,6,8,13,24,31,52
11/05/1997,62,9,25,26,40,41,49
18/05/1997,63,8,12,23,50,54,60
25/05/1997,64,1,5,20,25,32,34
01/06/1997,65,12,13,15,26,33,48
08/06/1997,66,12,14,17,27,47,52
15/06/1997,67,1,3,12,13,53,59
22/06/1997,68,25,34,45,53,56,58
29/06/1997,69,17,23,27,40,43,58
06/07/1997,70,16,27,33,43,45,53
13/07/1997,71,1,19,34,43,44,48
20/07/1997,72,25,26,28,45,51,57
27/07/1997,73,2,24,34,37,38,50
03/08/1997,74,21,24,35,36,37,49
10/08/1997,75,8,17,18,23,33,53
17/08/1997,76,21,29,40,49,54,57
24/08/1997,77,12,22,25,31,32,46
31/08/1997,78,2,13,17,25,31,43
07/09/1997,79,23,28,37,40,48,51
14/09/1997,80,10,23,41,47,54,60
21/09/1997,81,15,18,29,36,51,53
28/09/1997,82,4,15,16,24,42,57
05/10/1997,83,4,6,10,25,34,40
12/10/1997,84,6,15,30,37,45,47
19/10/1997,85,6,21,22,34,36,54
26/10/1997,86,4,5,11,28,32,40
02/11/1997,87,4,18,29,37,43,45
09/11/1997,88,13,34,42,44,55,59
16/11/1997,89,9,21,26,40,52,54
23/11/1997,90,2,4,10,35,39,60
30/11/1997,91,1,3,5,23,24,51
07/12/1997,92,2,22,28,31,36,53
14/12/1997,93,8,18,28,51,52,55
21/12/1997,94,6,40,45,46,50,60
28/12/1997,95,4,7,26,40,42,58
04/01/1998,96,5,11,14,35,53,56
11/01/1998,97,13,14,31,33,35,43
18/01/1998,98,11,24,30,33,46,60
25/01/1998,99,14,29,30,46,48,51
01/02/1998,100,1,18,29,31,37,39
08/02/1998,101,19,20,37,42,44,56
15/02/1998,102,1,7,9,49,54,57
22/02/1998,103,1,4,13,21,38,52
01/03/1998,104,3,13,31,43,46,49
08/03/1998,105,5,16,24,35,38,39
15/03/1998,106,2,4,16,24,51,52
22/03/1998,107,21,24,29,34,59,60
29/03/1998,108,1,13,44,48,49,54
04/04/1998,109,18,31,43,52,57,58
11/04/1998,110,4,22,25,32,33,52
18/04/1998,111,12,20,34,37,42,43
25/04/1998,112,7,26,28,34,54,55
02/05/1998,113,6,12,18,37,47,54
09/05/1998,114,4,6,14,20,24,38
16/05/1998,115,5,13,32,36,42,51
23/05/1998,116,20,25,27,33,42,53
30/05/1998,117,9,22,25,37,56,57
06/06/1998,118,1,21,36,38,47,50
13/06/1998,119,3,16,27,40,45,46
20/06/1998,120,2,29,41,44,53,55
27/06/1998,121,11,17,20,39,43,53
04/07/1998,122,13,14,16,26,32,42
11/07/1998,123,5,15,34,41,52,57
18/07/1998,124,25,41,47,53,56,59
25/07/1998,125,6,10,11,28,32,40
01/08/1998,126,21,29,50,51,54,59
08/08/1998,127,3,9,18,21,23,43
15/08/1998,128,1,9,10,32,46,54
22/08/1998,129,13,29,38,42,49,53
29/08/1998,130,4,9,17,27,30,44
05/09/1998,131,7,9,35,41,44,50
12/09/1998,132,5,6,19,34,39,57
19/09/1998,133,4,25,32,36,52,60
26/09/1998,134,21,22,35,40,53,59
03/10/1998,135,1,17,25,38,45,59
10/10/1998,136,15,16,19,22,26,49
17/10/1998,137,5,14,27,37,40,41
24/10/1998,138,3,13,26,27,41,42
31/10/1998,139,7,31,41,44,46,55
07/11/1998,140,10,13,22,41,42,58
14/11/1998,141,8,15,19,20,54,59
21/11/1998,142,6,18,20,40,50,53
28/11/1998,143,8,32,36,44,45,55
05/12/1998,144,15,16,31,41,43,51
12/12/1998,145,25,32,34,42,51,60
19/12/1998,146,6,16,23,24,28,38
24/12/1998,147,32,35,41,55,58,59
31/12/1998,148,7,11,20,28,45,48
09/01/1999,149,12,44,50,52,54,55
16/01/1999,150,3,16,20,43,52,56
23/01/1999,151,5,12,15,29,51,58
30/01/1999,152,2,30,31,42,45,47
06/02/1999,153,8,10,24,33,45,48
13/02/1999,154,12,30,32,35,43,44
20/02/1999,155,17,23,42,49,52,55
27/02/1999,156,4,13,17,21,41,44
06/03/1999,157,4,14,17,43,51,58
13/03/1999,158,9,11,16,35,50,58
20/03/1999,159,2,13,42,52,54,58
27/03/1999,160,6,25,30,37,39,41
03/04/1999,161,21,23,33,38,48,51
10/04/1999,162,8,27,36,41,53,56
17/04/1999,163,4,10,14,19,28,44
24/04/1999,164,10,19,23,35,39,56
01/05/1999,165,12,13,22,57,59,60
08/05/1999,166,1,11,28,33,38,48
15/05/1999,167,2,9,31,35,45,50
22/05/1999,168,1,13,21,37,51,52
29/05/1999,169,7,41,46,51,55,58
05/06/1999,170,4,27,40,43,46,54
12/06/1999,171,10,14,26,35,36,49
19/06/1999,172,17,28,29,42,49,50
26/06/1999,173,11,22,23,36,52,59
03/07/1999,174,1,10,13,20,42,50
10/07/1999,175,1,3,4,28,45,53
17/07/1999,176,22,35,38,39,41,59
24/07/1999,177,5,15,19,26,27,33
31/07/1999,178,5,6,23,26,27,53
07/08/1999,179,6,23,29,39,51,60
14/08/1999,180,1,27,33,35,51,55
21/08/1999,181,3,5,10,28,46,60
28/08/1999,182,2,7,11,16,40,44
04/09/1999,183,9,16,21,34,41,60
11/09/1999,184,17,22,43,46,55,59
18/09/1999,185,14,23,24,25,26,51
25/09/1999,186,6,36,41,44,48,58
02/10/1999,187,17,27,34,42,43,46
10/10/1999,188,4,15,31,38,41,53
16/10/1999,189,5,10,21,32,40,42
24/10/1999,190,1,3,5,23,41,58
31/10/1999,191,1,26,28,41,54,60
06/11/1999,192,4,11,12,19,43,49
13/11/1999,193,25,28,32,33,42,43
20/11/1999,194,3,9,17,32,37,44
27/11/1999,195,7,9,14,17,24,32
04/12/1999,196,5,12,15,19,29,52
11/12/1999,197,5,12,18,23,35,40
18/12/1999,198,10,16,37,50,52,57
24/12/1999,199,12,15,19,34,44,51
31/12/1999,200,5,20,22,30,35,55
08/01/2000,201,12,24,44,45,49,53
15/01/2000,202,11,19,29,44,47,55
22/01/2000,203,29,31,39,41,51,58
29/01/2000,204,26,32,40,43,46,54
05/02/2000,205,18,20,26,34,51,56
12/02/2000,206,3,7,19,24,53,55
19/02/2000,207,15,23,24,25,47,57
26/02/2000,208,13,21,26,32,41,52
04/03/2000,209,20,32,37,38,48,58
11/03/2000,210,10,20,33,40,45,50
18/03/2000,211,6,15,29,45,57,59
25/03/2000,212,3,9,23,30,32,35
01/04/2000,213,6,12,30,31,35,50
08/04/2000,214,7,28,37,46,53,58
15/04/2000,215,14,18,30,35,42,59
22/04/2000,216,3,27,32,45,49,51
29/04/2000,217,12,17,40,42,47,54
06/05/2000,218,23,26,28,36,42,49
13/05/2000,219,13,14,36,53,55,60
20/05/2000,220,13,27,43,50,54,58
27/05/2000,221,5,19,30,48,52,55
03/06/2000,222,2,6,22,24,28,58
10/06/2000,223,7,16,18,20,21,44
17/06/2000,224,2,4,16,21,37,58
24/06/2000,225,1,2,38,49,50,59
01/07/2000,226,11,26,27,37,42,48
08/07/2000,227,13,16,40,43,45,59
15/07/2000,228,11,13,21,33,39,45
22/07/2000,229,8,40,41,44,53,56
29/07/2000,230,16,27,36,42,44,59
05/08/2000,231,19,22,29,37,41,59
12/08/2000,232,3,7,24,32,36,45
19/08/2000,233,15,25,41,42,45,54
26/08/2000,234,2,22,29,31,41,55
02/09/2000,235,10,25,50,52,57,60
09/09/2000,236,7,31,36,45,56,57
16/09/2000,237,9,13,15,37,41,42
23/09/2000,238,6,21,33,44,46,47
30/09/2000,239,25,28,38,41,57,59
07/10/2000,240,11,31,35,40,56,57
14/10/2000,241,4,7,21,22,28,56
21/10/2000,242,11,16,20,23,32,47
28/10/2000,243,19,24,33,47,50,60
04/11/2000,244,8,27,44,51,53,60
11/11/2000,245,2,16,32,37,43,57
18/11/2000,246,3,10,23,30,34,46
25/11/2000,247,16,32,34,35,41,56
02/12/2000,248,21,36,40,49,54,55
09/12/2000,249,7,25,41,42,43,55
16/12/2000,250,15,23,30,34,49,55
23/12/2000,251,4,17,26,32,51,54
30/12/2000,252,11,12,24,37,44,56
06/01/2001,253,1,4,21,22,30,56
13/01/2001,254,16,19,20,32,44,55
20/01/2001,255,2,21,26,32,34,52
27/01/2001,256,1,4,5,19,28,34
03/02/2001,257,7,12,50,54,55,60
10/02/2001,258,13,15,20,33,43,58
17/02/2001,259,4,6,33,43,59,60
24/02/2001,260,5,16,20,30,54,56
03/03/2001,261,11,20,48,53,58,60
10/03/2001,262,8,9,26,43,50,53
17/03/2001,263,1,5,13,25,31,33
24/03/2001,264,7,16,34,41,50,53
31/03/2001,265,2,23,38,46,48,54
07/04/2001,266,1,8,45,46,55,58
14/04/2001,267,5,6,10,21,33,47
21/04/2001,268,17,18,19,25,49,52
28/04/2001,269,5,9,27,35,40,45
05/05/2001,270,14,24,26,29,31,54
12/05/2001,271,9,10,24,36,56,58
19/05/2001,272,10,17,23,27,47,52
26/05/2001,273,11,13,18,26,39,47
02/06/2001,274,16,19,30,37,38,48
09/06/2001,275,22,39,45,53,57,59
16/06/2001,276,4,26,38,40,52,56
23/06/2001,277,10,15,18,22,31,55
30/06/2001,278,4,23,31,47,58,59
07/07/2001,279,5,16,20,25,30,58
14/07/2001,280,5,11,31,38,47,53
21/07/2001,281,9,14,23,24,33,36
28/07/2001,282,25,28,34,42,48,54
01/08/2001,283,7,8,14,30,32,36
04/08/2001,284,12,32,37,41,50,56
08/08/2001,285,29,35,37,44,47,56
11/08/2001,286,3,13,25,33,47,60
15/08/2001,287,6,9,11,17,18,50
18/08/2001,288,6,7,20,25,30,36
22/08/2001,289,7,25,26,30,40,57
25/08/2001,290,5,16,17,18,22,41
29/08/2001,291,13,23,24,34,45,53
01/09/2001,292,5,6,7,12,28,35
05/09/2001,293,22,25,28,41,45,57
08/09/2001,294,7,12,24,31,44,50
12/09/2001,295,3,20,42,46,51,52
15/09/2001,296,1,20,28,33,36,41
19/09/2001,297,5,22,23,24,34,60
22/09/2001,298,2,5,7,33,49,53
26/09/2001,299,24,27,28,38,41,57
29/09/2001,300,9,26,48,49,57,58
03/10/2001,301,12,25,30,40,41,60
06/10/2001,302,7,13,17,30,37,47
10/10/2001,303,7,11,34,41,42,59
13/10/2001,304,5,11,27,38,53,60
17/10/2001,305,19,30,41,47,56,57
20/10/2001,306,13,16,17,26,41,44
24/10/2001,307,4,11,25,29,39,55
27/10/2001,308,4,11,25,39,50,55
31/10/2001,309,2,14,28,29,31,32
03/11/2001,310,22,24,30,32,38,41
07/11/2001,311,14,23,30,41,47,50
10/11/2001,312,14,16,24,37,38,53
14/11/2001,313,5,32,34,37,40,58
17/11/2001,314,12,21,22,28,43,50
21/11/2001,315,6,24,28,43,51,56
24/11/2001,316,16,20,27,30,35,48
28/11/2001,317,3,19,20,31,40,53
01/12/2001,318,12,16,17,19,23,48
05/12/2001,319,20,22,27,47,50,53
08/12/2001,320,4,11,31,32,48,49
12/12/2001,321,11,18,29,44,47,56
15/12/2001,322,26,31,33,40,49,54
19/12/2001,323,8,15,22,25,30,47
22/12/2001,324,1,3,4,21,23,53
29/12/2001,325,21,23,40,44,51,52
05/01/2002,326,29,32,33,38,46,48
09/01/2002,327,5,7,14,21,23,51
12/01/2002,328,10,11,12,24,35,40
16/01/2002,329,2,4,14,23,37,51
19/01/2002,330,1,13,20,27,35,37
23/01/2002,331,23,28,29,34,42,44
26/01/2002,332,4,27,35,44,52,53
30/01/2002,333,14,23,24,26,41,51
02/02/2002,334,7,23,33,43,57,59
06/02/2002,335,2,18,22,26,30,54
09/02/2002,336,4,14,16,31,52,54
16/02/2002,337,1,4,9,36,46,48
20/02/2002,338,5,12,13,16,27,50
23/02/2002,339,9,10,12,33,42,60
27/02/2002,340,5,16,22,23,43,56
02/03/2002,341,16,29,34,49,51,54
06/03/2002,342,4,6,7,12,24,41
09/03/2002,343,10,12,14,33,35,36
13/03/2002,344,11,22,46,51,56,58
16/03/2002,345,7,12,41,46,56,60
20/03/2002,346,1,10,12,26,48,52
23/03/2002,347,19,30,33,39,40,52
27/03/2002,348,8,9,28,32,38,54
30/03/2002,349,10,15,23,30,43,57
03/04/2002,350,15,16,24,41,59,60
06/04/2002,351,7,20,25,44,47,49
10/04/2002,352,19,23,30,46,55,60
13/04/2002,353,7,16,38,40,41,52
17/04/2002,354,2,14,22,23,37,60
20/04/2002,355,5,19,21,54,56,58
24/04/2002,356,2,30,32,35,45,53
27/04/2002,357,12,17,21,32,40,42
04/05/2002,358,13,19,20,29,31,54
08/05/2002,359,23,24,29,47,53,55
11/05/2002,360,16,28,31,41,45,59
15/05/2002,361,7,20,33,37,46,56
18/05/2002,362,19,29,39,47,49,54
22/05/2002,363,5,29,44,51,57,59
25/05/2002,364,19,23,34,37,52,58
29/05/2002,365,4,6,7,15,21,51
01/06/2002,366,10,12,27,33,49,52
05/06/2002,367,13,29,32,38,44,50
08/06/2002,368,1,14,21,35,42,60
12/06/2002,369,1,4,40,42,51,54
15/06/2002,370,4,18,23,33,39,60
19/06/2002,371,16,17,24,39,46,57
22/06/2002,372,1,5,10,24,31,33
26/06/2002,373,2,5,16,26,44,54
29/06/2002,374,1,5,9,42,51,58
03/07/2002,375,10,13,25,35,43,48
06/07/2002,376,3,12,19,27,45,46
10/07/2002,377,5,38,41,45,48,55
13/07/2002,378,24,33,40,41,55,59
17/07/2002,379,13,22,30,31,47,57
20/07/2002,380,9,10,28,46,55,56
24/07/2002,381,31,34,37,38,53,54
27/07/2002,382,14,22,48,50,53,56
31/07/2002,383,24,28,40,47,50,52
03/08/2002,384,5,12,16,18,22,24
07/08/2002,385,17,35,36,39,43,54
10/08/2002,386,22,28,29,43,47,48
14/08/2002,387,23,36,48,52,53,58
17/08/2002,388,5,14,18,43,46,54
21/08/2002,389,7,12,22,34,38,53
24/08/2002,390,4,7,15,16,35,40
28/08/2002,391,15,23,31,39,47,49
31/08/2002,392,6,12,35,36,40,50
04/09/2002,393,5,15,35,42,45,49
07/09/2002,394,10,11,14,20,31,58
11/09/2002,395,6,18,34,42,45,47
14/09/2002,396,1,2,5,24,32,46
18/09/2002,397,7,16,22,28,36,37
21/09/2002,398,11,16,27,47,55,59
25/09/2002,399,10,13,28,29,54,59
28/09/2002,400,11,18,43,44,50,53
02/10/2002,401,5,16,27,43,56,58
05/10/2002,402,7,16,27,31,46,60
09/10/2002,403,1,24,28,38,40,58
12/10/2002,404,24,29,34,47,57,60
16/10/2002,405,2,12,32,38,47,48
19/10/2002,406,2,18,22,49,51,57
23/10/2002,407,14,28,33,44,49,56
26/10/2002,408,18,25,26,31,34,49
30/10/2002,409,8,24,31,36,38,55
02/11/2002,410,10,12,31,38,45,56
06/11/2002,411,5,12,14,21,45,59
09/11/2002,412,2,4,29,33,35,53
13/11/2002,413,16,26,35,45,52,58
16/11/2002,414,1,4,27,38,42,44
20/11/2002,415,1,13,23,33,54,56
23/11/2002,416,7,12,21,25,34,42
27/11/2002,417,8,15,32,45,49,52
30/11/2002,418,9,16,41,42,52,53
04/12/2002,419,12,29,30,43,57,59
07/12/2002,420,5,35,37,38,45,51
11/12/2002,421,12,37,43,55,56,60
14/12/2002,422,8,22,32,33,40,53
18/12/2002,423,18,27,29,36,46,59
21/12/2002,424,6,10,16,34,42,47
28/12/2002,425,7,30,32,37,50,54
04/01/2003,426,3,13,14,24,43,51
08/01/2003,427,8,28,30,32,46,60
11/01/2003,428,17,26,32,36,43,55
15/01/2003,429,8,10,21,25,38,50
18/01/2003,430,26,37,40,47,52,58
22/01/2003,431,4,13,17,27,39,50
25/01/2003,432,16,17,28,30,36,54
29/01/2003,433,4,10,17,24,30,54
01/02/2003,434,10,11,17,31,37,43
05/02/2003,435,1,6,7,29,48,57
08/02/2003,436,7,10,30,44,54,59
12/02/2003,437,3,5,11,14,38,48
15/02/2003,438,13,20,29,42,43,57
19/02/2003,439,3,5,23,30,46,47
22/02/2003,440,2,10,15,21,58,59
26/02/2003,441,6,15,23,31,37,59
01/03/2003,442,11,17,26,36,48,52
08/03/2003,443,3,24,33,48,52,57
12/03/2003,444,7,20,31,32,50,53
15/03/2003,445,8,11,12,17,20,47
19/03/2003,446,15,24,25,33,42,55
22/03/2003,447,3,5,9,45,51,52
26/03/2003,448,1,8,24,34,49,56
29/03/2003,449,1,9,13,50,51,59
02/04/2003,450,17,18,23,28,31,53
05/04/2003,451,11,16,30,36,51,54
09/04/2003,452,8,20,23,34,52,58
12/04/2003,453,4,17,24,42,46,56
16/04/2003,454,2,14,15,17,50,59
19/04/2003,455,3,17,22,27,33,40
23/04/2003,456,15,17,24,27,32,48
26/04/2003,457,13,24,32,34,43,53
30/04/2003,458,8,15,17,39,43,49
03/05/2003,459,19,23,30,37,49,55
07/05/2003,460,15,17,20,29,30,60
10/05/2003,461,17,19,22,26,27,48
14/05/2003,462,2,3,7,18,45,53
17/05/2003,463,6,24,33,38,45,50
21/05/2003,464,1,22,31,46,51,57
24/05/2003,465,11,16,28,29,30,45
28/05/2003,466,8,18,21,22,38,60
31/05/2003,467,5,6,23,25,39,51
04/06/2003,468,13,21,26,29,42,47
07/06/2003,469,8,11,23,37,51,58
11/06/2003,470,5,31,32,36,51,59
14/06/2003,471,3,4,12,29,38,51
18/06/2003,472,7,23,41,49,51,58
21/06/2003,473,3,12,32,34,40,50
25/06/2003,474,6,8,19,22,43,52
28/06/2003,475,17,20,38,43,55,58
02/07/2003,476,6,8,18,34,38,47
05/07/2003,477,3,8,21,25,30,31
09/07/2003,478,20,26,41,46,54,58
12/07/2003,479,14,33,36,38,41,49
16/07/2003,480,6,13,22,24,42,44
19/07/2003,481,12,13,33,53,54,56
23/07/2003,482,16,18,23,35,44,59
26/07/2003,483,17,18,19,38,49,53
30/07/2003,484,19,28,30,38,52,57
02/08/2003,485,8,14,19,30,42,50
06/08/2003,486,8,22,25,48,52,54
09/08/2003,487,15,30,35,39,43,57
13/08/2003,488,17,28,33,36,53,59
16/08/2003,489,5,11,23,29,54,58
20/08/2003,490,1,9,15,22,43,55
23/08/2003,491,2,6,15,18,56,57
27/08/2003,492,3,18,20,24,42,54
30/08/2003,493,18,20,28,32,49,53
03/09/2003,494,8,15,29,36,49,60
06/09/2003,495,10,19,20,29,41,59
10/09/2003,496,9,13,20,32,41,58
13/09/2003,497,2,6,28,49,50,57
17/09/2003,498,1,4,5,11,44,59
20/09/2003,499,21,29,35,36,38,54
27/09/2003,500,16,27,28,34,39,56
01/10/2003,501,7,13,21,24,33,50
04/10/2003,502,7,10,21,27,48,49
08/10/2003,503,8,11,19,30,39,50
11/10/2003,504,3,20,28,46,47,52
15/10/2003,505,4,15,31,34,37,38
18/10/2003,506,3,5,27,33,44,58
22/10/2003,507,5,10,15,45,46,56
25/10/2003,508,28,32,33,34,35,55
29/10/2003,509,1,4,30,41,45,58
01/11/2003,510,3,4,8,34,36,37
05/11/2003,511,4,8,31,40,53,58
08/11/2003,512,10,19,27,33,39,46
12/11/2003,513,15,36,40,42,51,52
15/11/2003,514,15,16,39,45,48,57
19/11/2003,515,5,13,24,33,34,35
22/11/2003,516,7,8,28,32,38,51
26/11/2003,517,5,8,10,15,18,44
29/11/2003,518,9,15,19,22,36,42
03/12/2003,519,9,12,17,32,34,35
06/12/2003,520,15,25,28,32,38,45
10/12/2003,521,6,14,15,25,49,52
13/12/2003,522,28,39,40,44,45,58
17/12/2003,523,19,29,34,41,47,48
20/12/2003,524,8,10,24,26,32,49
27/12/2003,525,3,21,31,36,55,59
03/01/2004,526,6,14,17,26,50,52
07/01/2004,527,8,12,28,31,34,37
10/01/2004,528,1,13,33,38,45,56
14/01/2004,529,1,6,21,25,32,49
17/01/2004,530,1,3,7,18,35,50
21/01/2004,531,4,9,12,13,52,53
24/01/2004,532,13,18,21,27,53,59
28/01/2004,533,3,8,23,31,48,57
31/01/2004,534,6,14,28,47,49,56
04/02/2004,535,14,15,22,23,25,37
07/02/2004,536,3,7,19,34,37,39
11/02/2004,537,3,25,43,45,52,56
14/02/2004,538,6,16,19,47,50,55
18/02/2004,539,4,22,28,30,44,49
21/02/2004,540,13,27,49,52,57,58
28/02/2004,541,4,6,19,28,35,49
03/03/2004,542,35,37,42,46,49,54
06/03/2004,543,11,17,33,34,47,56
10/03/2004,544,17,29,35,40,43,57
13/03/2004,545,4,5,13,17,46,54
17/03/2004,546,4,13,28,30,53,59
20/03/2004,547,14,47,49,51,58,59
24/03/2004,548,8,13,22,46,51,58
27/03/2004,549,16,17,38,39,45,56
31/03/2004,550,12,21,46,48,56,57
03/04/2004,551,9,22,47,49,52,54
07/04/2004,552,4,43,46,53,54,58
10/04/2004,553,15,29,31,42,47,60
14/04/2004,554,5,23,31,33,45,49
17/04/2004,555,8,10,17,30,33,45
21/04/2004,556,8,12,18,23,38,49
24/04/2004,557,7,14,31,57,58,59
28/04/2004,558,6,13,17,25,36,53
01/05/2004,559,2,11,18,30,32,58
05/05/2004,560,1,20,36,39,49,55
08/05/2004,561,16,23,35,37,55,57
12/05/2004,562,5,8,23,34,44,51
15/05/2004,563,10,13,20,32,38,49
19/05/2004,564,7,31,34,35,37,45
22/05/2004,565,6,13,17,18,20,37
26/05/2004,566,11,31,38,41,57,58
29/05/2004,567,13,17,22,25,29,41
02/06/2004,568,3,9,14,15,32,57
05/06/2004,569,15,32,33,35,36,51
09/06/2004,570,12,13,14,31,50,51
12/06/2004,571,3,9,16,20,33,60
16/06/2004,572,6,17,22,29,40,59
19/06/2004,573,2,10,17,23,32,44
23/06/2004,574,5,18,21,29,35,48
26/06/2004,575,7,8,18,39,43,52
30/06/2004,576,8,23,24,28,31,47
03/07/2004,577,3,18,23,48,56,58
07/07/2004,578,4,9,15,17,34,39
10/07/2004,579,15,16,18,28,38,47
14/07/2004,580,14,17,25,30,39,52
17/07/2004,581,13,29,40,45,51,59
21/07/2004,582,6,7,20,41,43,55
24/07/2004,583,7,8,23,30,32,53
28/07/2004,584,12,24,33,36,39,57
31/07/2004,585,11,13,38,39,45,54
04/08/2004,586,2,18,29,30,36,60
07/08/2004,587,11,13,45,46,53,55
11/08/2004,588,6,7,8,13,33,59
14/08/2004,589,4,5,18,25,28,51
18/08/2004,590,1,3,18,34,50,58
21/08/2004,591,13,14,42,47,55,59
25/08/2004,592,1,25,27,29,49,59
28/08/2004,593,10,13,29,47,53,55
01/09/2004,594,1,2,25,43,50,54
04/09/2004,595,11,14,28,43,54,60
08/09/2004,596,22,27,29,40,42,56
11/09/2004,597,5,16,34,38,50,53
15/09/2004,598,4,6,9,23,45,51
18/09/2004,599,16,18,31,34,39,54
22/09/2004,600,10,19,22,29,30,37
25/09/2004,601,7,13,38,46,55,60
29/09/2004,602,4,8,11,12,29,44
02/10/2004,603,15,25,41,46,49,51
06/10/2004,604,4,24,44,49,52,53
09/10/2004,605,6,23,32,35,41,55
13/10/2004,606,6,11,19,27,41,59
16/10/2004,607,6,13,19,24,30,37
20/10/2004,608,2,6,15,58,59,60
23/10/2004,609,25,30,43,45,47,49
27/10/2004,610,16,21,22,33,48,49
30/10/2004,611,15,18,33,50,53,55
03/11/2004,612,6,13,19,44,54,55
06/11/2004,613,12,16,31,48,57,60
10/11/2004,614,5,8,10,27,31,51
13/11/2004,615,2,12,16,24,26,54
17/11/2004,616,3,5,25,33,36,49
20/11/2004,617,3,8,10,13,24,60
24/11/2004,618,8,12,14,16,19,46
27/11/2004,619,1,3,13,22,29,32
01/12/2004,620,26,29,31,49,50,57
04/12/2004,621,19,27,29,38,50,59
08/12/2004,622,9,23,30,42,49,55
11/12/2004,623,8,23,34,39,43,52
15/12/2004,624,12,24,32,40,42,59
18/12/2004,625,7,8,18,22,39,49
22/12/2004,626,1,13,19,45,56,58
29/12/2004,627,8,16,22,30,56,58
05/01/2005,628,15,16,39,40,47,51
08/01/2005,629,12,16,20,45,53,60
12/01/2005,630,1,20,28,32,44,47
15/01/2005,631,2,19,28,48,51,54
19/01/2005,632,5,11,22,27,46,50
22/01/2005,633,10,13,24,41,42,56
26/01/2005,634,8,20,26,37,42,49
29/01/2005,635,26,28,30,32,34,50
02/02/2005,636,11,18,43,48,52,58
05/02/2005,637,10,11,36,41,42,50
12/02/2005,638,13,35,39,45,51,60
16/02/2005,639,12,19,42,46,59,60
19/02/2005,640,1,9,13,17,33,34
23/02/2005,641,17,36,40,44,51,56
26/02/2005,642,14,24,37,40,42,45
02/03/2005,643,14,27,29,31,34,57
05/03/2005,644,3,24,48,52,53,54
09/03/2005,645,10,13,32,47,49,60
12/03/2005,646,11,12,14,19,54,56
16/03/2005,647,5,23,29,42,45,48
19/03/2005,648,9,24,33,41,48,54
23/03/2005,649,10,24,25,29,53,59
26/03/2005,650,26,28,39,45,48,60
30/03/2005,651,10,18,20,24,56,57
02/04/2005,652,5,9,19,24,31,34
06/04/2005,653,6,10,11,40,41,56
09/04/2005,654,1,26,37,39,43,48
13/04/2005,655,35,36,37,46,51,59
16/04/2005,656,16,20,33,58,59,60
20/04/2005,657,3,6,11,20,36,41
23/04/2005,658,14,29,34,40,51,52
27/04/2005,659,5,11,38,46,53,54
30/04/2005,660,4,27,36,40,42,55
04/05/2005,661,4,27,23,25,56,60
07/05/2005,662,1,27,30,49,51,55
11/05/2005,663,1,12,36,38,55,59
14/05/2005,664,7,8,18,25,47,48
18/05/2005,665,7,16,26,29,45,55
21/05/2005,666,1,4,5,16,23,49
25/05/2005,667,1,2,14,33,49,56
28/05/2005,668,7,24,27,40,41,49
01/06/2005,669,22,37,42,48,58,59
04/06/2005,670,9,16,27,38,39,51
08/06/2005,671,24,28,34,38,43,53
11/06/2005,672,6,11,20,34,37,40
15/06/2005,673,18,22,29,32,38,42
18/06/2005,674,24,25,30,42,43,50
22/06/2005,675,9,15,32,41,42,49
25/06/2005,676,8,10,25,32,48,55
29/06/2005,677,14,31,40,42,44,46
02/07/2005,678,3,21,25,37,54,58
06/07/2005,679,2,3,5,22,26,44
09/07/2005,680,21,25,38,53,58,59
13/07/2005,681,4,27,36,37,47,60
16/07/2005,682,2,11,12,35,40,43
20/07/2005,683,17,19,33,37,40,50
23/07/2005,684,5,12,27,33,43,56
27/07/2005,685,4,5,15,26,33,54
30/07/2005,686,1,7,14,41,48,59
03/08/2005,687,11,21,30,35,47,52
06/08/2005,688,6,7,31,49,51,60
10/08/2005,689,8,12,15,41,47,53
13/08/2005,690,8,16,37,50,55,58
17/08/2005,691,11,18,33,57,58,60
20/08/2005,692,13,14,17,31,41,50
24/08/2005,693,15,19,29,37,41,53
27/08/2005,694,6,11,13,21,40,52
31/08/2005,695,9,16,34,37,53,57
03/09/2005,696,28,31,32,35,51,53
10/09/2005,697,8,12,22,27,43,55
14/09/2005,698,17,23,48,50,53,54
19/09/2005,699,2,3,14,24,31,40
21/09/2005,700,1,13,23,31,48,60
24/09/2005,701,1,18,45,56,57,58
28/09/2005,702,2,11,24,27,30,45
01/10/2005,703,2,4,18,27,34,50
05/10/2005,704,3,11,13,15,26,43
08/10/2005,705,2,7,10,17,22,60
15/10/2005,706,1,8,10,36,43,51
19/10/2005,707,7,9,13,39,45,47
22/10/2005,708,4,6,9,22,29,44
26/10/2005,709,5,25,34,39,46,49
29/10/2005,710,5,10,33,40,41,59
05/11/2005,711,7,8,35,43,53,58
09/11/2005,712,1,12,16,26,46,54
12/11/2005,713,7,8,17,35,39,53
16/11/2005,714,4,12,24,33,36,54
19/11/2005,715,2,7,16,29,32,50
23/11/2005,716,6,17,23,28,35,41
26/11/2005,717,7,21,33,35,39,58
30/11/2005,718,3,32,37,39,47,53
03/12/2005,719,12,31,44,51,54,56
07/12/2005,720,3,14,23,25,36,55
10/12/2005,721,9,18,36,44,57,60
14/12/2005,722,1,6,16,36,50,52
17/12/2005,723,17,27,34,48,51,55
21/12/2005,724,3,9,35,37,41,49
31/12/2005,725,1,5,7,37,40,47
04/01/2006,726,4,12,14,30,42,59
07/01/2006,727,8,13,24,32,42,44
11/01/2006,728,5,18,33,43,56,57
14/01/2006,729,2,15,16,45,50,54
18/01/2006,730,6,15,16,23,28,35
21/01/2006,731,6,17,19,49,50,53
25/01/2006,732,2,12,26,31,43,46
28/01/2006,733,27,29,43,44,45,54
01/02/2006,734,9,15,38,40,42,52
04/02/2006,735,1,21,38,41,49,56
08/02/2006,736,11,12,24,32,33,38
11/02/2006,737,14,15,26,30,42,54
15/02/2006,738,6,10,35,45,49,56
18/02/2006,739,12,16,28,29,47,50
22/02/2006,740,24,26,27,36,39,59
25/02/2006,741,2,7,17,34,41,50
01/03/2006,742,20,23,25,32,54,60
04/03/2006,743,4,12,23,26,39,46
08/03/2006,744,2,16,21,37,43,57
11/03/2006,745,1,10,12,25,49,57
15/03/2006,746,2,3,12,21,23,56
18/03/2006,747,1,2,7,19,35,51
22/03/2006,748,4,24,47,48,50,57
25/03/2006,749,10,17,33,42,54,58
29/03/2006,750,4,7,20,25,38,50
01/04/2006,751,4,23,24,25,29,42
05/04/2006,752,2,7,22,35,43,59
08/04/2006,753,3,4,13,34,42,50
12/04/2006,754,4,12,30,47,49,59
15/04/2006,755,5,27,37,38,41,50
19/04/2006,756,12,17,18,30,32,58
22/04/2006,757,1,23,36,43,47,59
26/04/2006,758,30,31,39,45,48,59
29/04/2006,759,12,17,44,45,46,60
03/05/2006,760,13,17,27,29,40,56
06/05/2006,761,9,12,21,37,39,54
10/05/2006,762,1,9,26,40,47,48
13/05/2006,763,3,7,45,47,53,55
18/05/2006,764,3,10,16,30,37,50
21/05/2006,765,1,19,24,42,50,58
24/05/2006,766,15,22,32,38,50,54
27/05/2006,767,4,8,30,33,37,59
31/05/2006,768,12,16,20,21,29,50
03/06/2006,769,4,12,25,34,35,48
07/06/2006,770,14,21,29,34,46,47
10/06/2006,771,10,35,38,51,52,60
14/06/2006,772,3,5,14,29,34,51
17/06/2006,773,5,10,37,46,54,58
21/06/2006,774,12,27,42,46,47,50
24/06/2006,775,3,15,35,41,57,60
28/06/2006,776,2,14,23,28,50,56
01/07/2006,777,20,31,36,37,45,51
05/07/2006,778,25,26,29,36,52,54
08/07/2006,779,7,10,28,50,51,59
12/07/2006,780,8,10,13,39,54,56
15/07/2006,781,2,11,23,35,42,59
19/07/2006,782,4,8,21,32,43,48
22/07/2006,783,8,27,37,42,53,56
26/07/2006,784,5,8,17,35,37,48
29/07/2006,785,10,11,26,27,31,41
02/08/2006,786,20,31,34,37,54,60
05/08/2006,787,17,19,29,31,44,57
09/08/2006,788,6,31,38,39,50,60
12/08/2006,789,2,6,19,22,28,43
16/08/2006,790,9,14,19,35,42,58
19/08/2006,791,9,29,34,43,45,56
23/08/2006,792,3,15,16,33,51,57
26/08/2006,793,3,38,42,47,55,56
30/08/2006,794,14,21,26,29,36,48
02/09/2006,795,5,19,24,34,39,43
06/09/2006,796,6,12,47,48,52,58
09/09/2006,797,3,4,9,29,32,52
13/09/2006,798,19,29,35,42,55,57
16/09/2006,799,1,7,11,37,38,56
20/09/2006,800,11,19,20,22,42,48
23/09/2006,801,6,14,18,24,48,60
27/09/2006,802,3,5,10,21,28,57
30/09/2006,803,3,13,37,47,56,59
04/10/2006,804,2,30,36,43,48,60
07/10/2006,805,18,26,35,41,47,60
12/10/2006,806,2,8,27,32,49,56
14/10/2006,807,2,15,21,31,46,57
18/10/2006,808,5,11,15,23,25,30
21/10/2006,809,1,4,5,33,37,48
25/10/2006,810,10,28,32,41,47,57
28/10/2006,811,11,13,38,39,54,57
01/11/2006,812,9,15,23,45,46,56
04/11/2006,813,2,8,11,41,46,50
08/11/2006,814,9,19,37,39,50,57
11/11/2006,815,20,21,30,40,47,52
16/11/2006,816,10,29,30,34,43,52
18/11/2006,817,8,9,22,25,41,44
22/11/2006,818,5,19,25,46,51,58
25/11/2006,819,10,17,21,32,45,46
29/11/2006,820,4,29,33,36,38,42
02/12/2006,821,4,10,17,27,41,52
06/12/2006,822,1,15,26,51,54,59
09/12/2006,823,6,7,9,20,33,48
13/12/2006,824,10,21,28,40,41,47
16/12/2006,825,6,7,8,27,45,53
19/12/2006,826,18,24,30,42,51,56
21/12/2006,827,23,28,38,42,50,53
23/12/2006,828,10,14,32,47,50,56
31/12/2006,829,2,13,41,49,51,53
03/01/2007,830,3,32,33,42,48,50
06/01/2007,831,15,17,23,33,39,49
10/01/2007,832,13,16,46,53,57,58
13/01/2007,833,10,16,17,34,44,51
17/01/2007,834,18,31,33,49,57,58
20/01/2007,835,17,22,28,38,52,59
24/01/2007,836,5,6,16,24,34,60
27/01/2007,837,9,23,30,38,44,47
31/01/2007,838,7,8,11,18,37,43
03/02/2007,839,17,29,31,35,43,59
07/02/2007,840,7,22,32,36,38,51
10/02/2007,841,7,9,30,44,51,60
14/02/2007,842,1,16,34,36,45,48
17/02/2007,843,16,24,34,44,54,57
24/02/2007,844,14,19,20,40,48,52
28/02/2007,845,2,3,44,47,50,54
03/03/2007,846,14,15,27,42,44,48
07/03/2007,847,17,27,32,34,47,56
10/03/2007,848,8,9,39,44,49,58
14/03/2007,849,7,22,25,44,59,60
17/03/2007,850,3,16,19,32,35,58
21/03/2007,851,6,14,23,34,38,44
24/03/2007,852,30,38,46,51,56,59
28/03/2007,853,3,17,24,25,27,44
31/03/2007,854,3,24,31,42,43,53
04/04/2007,855,11,15,40,41,42,47
07/04/2007,856,2,3,17,49,50,59
11/04/2007,857,4,18,23,31,37,54
14/04/2007,858,9,12,34,46,47,57
18/04/2007,859,2,8,17,22,42,44
23/04/2007,860,39,40,42,47,59,60
25/04/2007,861,2,8,11,12,19,35
28/04/2007,862,15,24,32,50,53,57
02/05/2007,863,8,11,31,33,42,57
05/05/2007,864,23,26,27,41,51,53
09/05/2007,865,5,27,36,40,46,48
12/05/2007,866,10,19,26,28,44,54
16/05/2007,867,21,22,25,40,51,57
19/05/2007,868,27,29,42,49,50,51
23/05/2007,869,8,21,34,40,43,52
26/05/2007,870,1,5,10,17,47,58
30/05/2007,871,5,18,31,43,55,58
02/06/2007,872,4,19,30,34,57,59
06/06/2007,873,10,20,42,44,52,59
09/06/2007,874,18,20,24,36,53,58
13/06/2007,875,4,8,12,41,45,60
16/06/2007,876,13,15,20,28,31,36
20/06/2007,877,11,12,37,38,43,54
23/06/2007,878,10,28,29,35,42,46
27/06/2007,879,25,30,37,46,49,51
30/06/2007,880,4,18,24,43,51,56
04/07/2007,881,17,41,42,44,45,60
07/07/2007,882,21,32,37,52,53,60
11/07/2007,883,2,11,12,14,22,39
14/07/2007,884,4,13,31,33,47,51
18/07/2007,885,17,33,37,50,55,59
21/07/2007,886,1,12,21,32,34,44
25/07/2007,887,24,40,50,52,54,60
28/07/2007,888,20,24,34,39,54,60
01/08/2007,889,7,9,17,21,22,54
04/08/2007,890,15,16,19,22,34,35
08/08/2007,891,1,19,42,44,49,52
11/08/2007,892,3,18,26,51,53,56
15/08/2007,893,20,24,28,37,41,44
18/08/2007,894,2,41,43,55,57,58
22/08/2007,895,5,11,22,31,35,41
25/08/2007,896,7,21,22,43,46,57
29/08/2007,897,3,4,8,30,45,54
01/09/2007,898,18,20,36,53,54,58
05/09/2007,899,4,18,21,34,38,59
08/09/2007,900,13,16,32,33,34,56
12/09/2007,901,18,23,50,52,55,58
15/09/2007,902,5,17,20,32,41,55
19/09/2007,903,32,44,48,51,53,59
22/09/2007,904,2,4,15,16,55,57
26/09/2007,905,7,14,24,29,35,39
29/09/2007,906,9,36,37,41,51,53
03/10/2007,907,1,9,19,25,50,52
06/10/2007,908,17,22,26,28,38,42
10/10/2007,909,3,15,27,29,36,53
13/10/2007,910,1,6,28,29,46,49
17/10/2007,911,4,19,21,26,29,54
20/10/2007,912,14,30,36,38,46,59
24/10/2007,913,9,12,23,33,45,51
27/10/2007,914,17,20,26,28,48,49
31/10/2007,915,5,28,33,36,37,38
03/11/2007,916,23,25,30,46,47,59
07/11/2007,917,4,8,12,38,44,52
10/11/2007,918,3,25,31,41,43,60
14/11/2007,919,5,17,24,52,55,57
17/11/2007,920,1,9,35,41,48,57
21/11/2007,921,12,13,19,41,45,49
24/11/2007,922,2,15,39,50,53,57
28/11/2007,923,2,20,21,27,51,60
01/12/2007,924,8,22,36,37,46,52
05/12/2007,925,21,33,34,40,41,59
08/12/2007,926,19,23,26,31,33,36
12/12/2007,927,4,10,32,33,49,60
15/12/2007,928,16,27,35,39,49,57
19/12/2007,929,20,28,37,46,49,55
22/12/2007,930,7,17,19,34,36,39
31/12/2007,931,2,17,21,36,42,53
05/01/2008,932,8,14,25,39,45,51
09/01/2008,933,1,3,21,25,44,48
12/01/2008,934,7,13,18,29,31,45
16/01/2008,935,5,14,22,29,33,44
19/01/2008,936,2,21,22,30,41,52
23/01/2008,937,15,27,35,50,57,59
26/01/2008,938,6,19,23,37,49,50
30/01/2008,939,5,25,31,33,37,51
02/02/2008,940,10,11,15,27,53,60
06/02/2008,941,5,8,18,42,52,59
09/02/2008,942,3,12,23,41,47,58
13/02/2008,943,16,37,43,52,58,59
16/02/2008,944,4,8,27,44,54,59
20/02/2008,945,1,5,12,47,52,59
23/02/2008,946,3,5,11,14,33,58
27/02/2008,947,22,41,44,46,52,54
01/03/2008,948,1,23,41,44,51,52
05/03/2008,949,23,41,42,48,49,59
08/03/2008,950,14,24,34,39,49,55
12/03/2008,951,2,11,18,27,30,54
15/03/2008,952,1,16,39,42,48,55
19/03/2008,953,5,8,18,24,33,57
22/03/2008,954,5,12,21,32,33,35
26/03/2008,955,46,47,51,54,57,59
29/03/2008,956,24,25,32,34,50,57
02/04/2008,957,7,13,22,33,48,51
05/04/2008,958,3,5,11,33,39,57
09/04/2008,959,6,18,19,33,34,53
12/04/2008,960,2,4,16,21,36,53
16/04/2008,961,2,11,40,48,49,55
19/04/2008,962,15,17,37,48,50,59
23/04/2008,963,8,13,20,26,33,42
26/04/2008,964,5,30,36,39,57,58
30/04/2008,965,1,4,26,28,41,58
03/05/2008,966,5,13,14,18,30,57
07/05/2008,967,1,4,13,30,51,60
10/05/2008,968,13,25,35,41,50,56
14/05/2008,969,5,21,28,34,54,57
17/05/2008,970,4,11,14,33,44,45
21/05/2008,971,15,18,31,33,34,56
24/05/2008,972,1,8,30,36,47,53
28/05/2008,973,12,16,20,31,38,45
31/05/2008,974,9,30,33,37,40,41
04/06/2008,975,14,23,25,28,38,53
07/06/2008,976,3,5,7,9,17,32
11/06/2008,977,12,16,18,27,42,58
14/06/2008,978,3,15,28,31,39,51
18/06/2008,979,15,17,29,35,36,59
21/06/2008,980,1,8,34,41,53,58
25/06/2008,981,8,12,24,40,43,49
28/06/2008,982,16,22,32,38,40,45
02/07/2008,983,4,10,20,43,46,47
05/07/2008,984,4,16,18,46,56,59
09/07/2008,985,6,15,19,24,31,32
12/07/2008,986,13,27,31,34,47,58
16/07/2008,987,8,17,46,48,56,60
19/07/2008,988,2,21,27,29,32,38
23/07/2008,989,2,10,15,18,29,39
26/07/2008,990,8,9,15,38,41,60
30/07/2008,991,1,4,6,8,25,28
02/08/2008,992,5,24,25,26,42,60
06/08/2008,993,3,20,29,40,44,58
09/08/2008,994,4,16,31,36,54,55
13/08/2008,995,7,15,20,21,23,29
16/08/2008,996,9,17,18,32,53,55
20/08/2008,997,3,4,21,22,28,32
23/08/2008,998,18,24,36,44,55,58
27/08/2008,999,29,38,39,49,53,58
30/08/2008,1000,12,15,27,37,51,60
03/09/2008,1001,3,7,25,31,40,58
06/09/2008,1002,5,10,16,23,26,27
10/09/2008,1003,29,40,43,44,45,47
13/09/2008,1004,4,6,12,37,41,42
17/09/2008,1005,2,4,17,33,48,55
20/09/2008,1006,4,27,36,37,49,52
24/09/2008,1007,7,13,15,34,42,48
27/09/2008,1008,1,6,12,29,34,58
01/10/2008,1009,2,3,13,37,46,54
04/10/2008,1010,2,11,21,30,35,52
08/10/2008,1011,14,19,40,47,55,58
11/10/2008,1012,7,9,12,19,20,41
15/10/2008,1013,8,9,25,41,57,60
18/10/2008,1014,3,8,17,26,28,49
22/10/2008,1015,5,9,11,20,25,60
25/10/2008,1016,6,19,31,34,51,56
29/10/2008,1017,9,24,44,51,55,58
01/11/2008,1018,4,13,23,29,46,47
05/11/2008,1019,1,2,19,32,39,52
08/11/2008,1020,2,33,42,43,51,55
12/11/2008,1021,5,21,31,39,40,56
16/11/2008,1022,2,7,8,18,40,45
19/11/2008,1023,18,22,28,29,39,53
22/11/2008,1024,10,27,28,29,40,52
26/11/2008,1025,6,10,17,33,51,53
29/11/2008,1026,18,20,33,44,47,60
03/12/2008,1027,20,26,34,51,52,54
06/12/2008,1028,5,16,17,20,24,32
10/12/2008,1029,1,8,23,37,54,57
13/12/2008,1030,24,33,40,43,46,49
17/12/2008,1031,15,16,26,29,43,57
20/12/2008,1032,5,6,17,33,39,54
24/12/2008,1033,1,3,18,20,42,49
27/12/2008,1034,1,11,26,51,59,60
31/12/2008,1035,10,27,36,39,41,52
03/01/2009,1036,4,36,44,46,53,56
07/01/2009,1037,6,7,28,35,43,51
10/01/2009,1038,2,20,24,27,36,52
14/01/2009,1039,1,6,28,39,44,55
17/01/2009,1040,10,12,36,44,54,57
21/01/2009,1041,13,18,25,30,46,51
24/01/2009,1042,14,21,25,48,51,60
28/01/2009,1043,10,11,13,35,39,58
31/01/2009,1044,1,5,6,17,31,50
04/02/2009,1045,28,40,42,54,55,57
07/02/2009,1046,1,2,8,10,14,48
11/02/2009,1047,3,16,21,28,38,57
14/02/2009,1048,2,5,17,29,34,52
18/02/2009,1049,14,24,26,33,45,60
21/02/2009,1050,7,10,11,13,43,57
25/02/2009,1051,8,11,15,16,52,57
28/02/2009,1052,15,27,34,42,49,53
04/03/2009,1053,13,14,18,27,41,60
07/03/2009,1054,12,15,16,20,27,32
11/03/2009,1055,6,8,38,50,53,59
14/03/2009,1056,2,3,4,15,49,59
18/03/2009,1057,18,20,24,45,51,57
21/03/2009,1058,1,12,14,16,37,45
25/03/2009,1059,1,3,16,18,41,42
28/03/2009,1060,9,21,23,30,41,56
01/04/2009,1061,2,8,23,33,37,55
04/04/2009,1062,1,22,44,47,49,50
08/04/2009,1063,4,16,19,28,29,49
11/04/2009,1064,7,19,30,39,43,57
15/04/2009,1065,6,10,25,32,43,49
18/04/2009,1066,4,10,14,25,28,56
22/04/2009,1067,25,27,44,47,48,57
25/04/2009,1068,9,17,28,45,49,53
29/04/2009,1069,5,8,16,23,41,53
02/05/2009,1070,5,7,37,43,53,54
06/05/2009,1071,9,18,19,43,47,54
09/05/2009,1072,8,25,32,34,36,44
13/05/2009,1073,3,10,23,29,47,50
16/05/2009,1074,10,12,16,21,39,53
20/05/2009,1075,4,10,19,32,33,42
23/05/2009,1076,5,6,9,11,18,37
27/05/2009,1077,3,6,34,41,43,45
30/05/2009,1078,5,12,24,28,36,37
03/06/2009,1079,11,18,20,34,41,56
06/06/2009,1080,9,16,24,29,52,56
10/06/2009,1081,4,17,38,40,50,55
13/06/2009,1082,10,20,23,28,42,43
17/06/2009,1083,5,20,29,33,40,59
20/06/2009,1084,12,21,39,40,50,55
24/06/2009,1085,2,4,6,10,23,45
27/06/2009,1086,3,20,28,32,36,46
01/07/2009,1087,6,24,31,35,42,57
04/07/2009,1088,2,18,20,32,37,48
08/07/2009,1089,9,20,24,36,40,42
11/07/2009,1090,17,23,24,27,49,56
15/07/2009,1091,1,9,30,33,34,40
18/07/2009,1092,19,23,27,38,41,49
22/07/2009,1093,9,10,21,36,41,48
25/07/2009,1094,10,16,21,23,27,36
29/07/2009,1095,3,13,14,16,41,52
01/08/2009,1096,1,17,21,33,48,56
05/08/2009,1097,11,20,21,30,50,52
08/08/2009,1098,14,31,35,38,44,55
12/08/2009,1099,7,17,18,33,41,42
15/08/2009,1100,6,7,10,12,24,57
19/08/2009,1101,9,11,23,35,46,51
22/08/2009,1102,10,19,28,41,55,56
26/08/2009,1103,2,3,6,35,49,58
29/08/2009,1104,1,15,28,43,50,57
02/09/2009,1105,4,15,43,47,50,60
05/09/2009,1106,3,9,20,36,53,54
09/09/2009,1107,7,9,39,43,44,60
12/09/2009,1108,6,8,11,14,29,52
16/09/2009,1109,6,14,26,28,42,45
19/09/2009,1110,4,9,25,32,33,43
23/09/2009,1111,4,32,34,43,52,58
26/09/2009,1112,3,6,29,36,47,59
30/09/2009,1113,3,15,16,22,25,54
03/10/2009,1114,18,30,37,41,44,50
07/10/2009,1115,4,9,13,17,20,47
10/10/2009,1116,1,6,17,27,35,40
14/10/2009,1117,8,20,21,43,44,55
17/10/2009,1118,10,34,41,44,45,54
21/10/2009,1119,7,35,40,44,50,55
24/10/2009,1120,4,17,18,54,56,59
28/10/2009,1121,26,44,46,49,55,56
31/10/2009,1122,4,14,19,39,45,60
04/11/2009,1123,7,11,16,18,33,49
07/11/2009,1124,3,7,29,33,42,56
11/11/2009,1125,4,31,42,52,57,59
14/11/2009,1126,5,8,14,24,29,30
18/11/2009,1127,8,16,24,39,52,60
21/11/2009,1128,12,17,19,32,47,55
25/11/2009,1129,5,18,23,32,49,54
28/11/2009,1130,1,8,16,34,36,49
02/12/2009,1131,12,27,30,33,52,55
05/12/2009,1132,5,10,16,21,39,58
09/12/2009,1133,9,22,29,36,51,56
12/12/2009,1134,4,5,6,19,23,39
16/12/2009,1135,7,31,32,34,37,43
19/12/2009,1136,19,21,25,28,43,50
22/12/2009,1137,2,4,15,18,25,36
24/12/2009,1138,9,28,31,36,37,42
26/12/2009,1139,10,27,40,46,49,58
31/12/2009,1140,9,37,40,50,58,60
02/01/2010,1141,3,15,26,28,31,58
06/01/2010,1142,3,30,35,44,47,60
09/01/2010,1143,1,10,18,19,44,49
13/01/2010,1144,3,16,19,24,33,60
16/01/2010,1145,6,10,28,33,34,53
20/01/2010,1146,6,23,31,33,39,52
23/01/2010,1147,27,28,29,32,48,55
27/01/2010,1148,7,8,23,36,46,54
30/01/2010,1149,15,17,28,31,35,52
03/02/2010,1150,1,4,14,21,25,51
06/02/2010,1151,14,20,29,36,44,47
10/02/2010,1152,6,17,19,34,46,55
13/02/2010,1153,4,12,14,21,26,28
17/02/2010,1154,20,28,40,41,51,58
20/02/2010,1155,9,24,31,44,48,49
24/02/2010,1156,9,29,41,43,46,49
27/02/2010,1157,23,30,31,54,55,60
03/03/2010,1158,5,6,34,46,53,55
06/03/2010,1159,1,3,5,18,40,48
10/03/2010,1160,4,7,42,47,48,51
13/03/2010,1161,18,22,25,30,31,41
17/03/2010,1162,5,17,31,47,51,53
20/03/2010,1163,6,14,17,26,40,49
24/03/2010,1164,20,40,42,52,54,60
27/03/2010,1165,22,28,30,31,35,54
31/03/2010,1166,20,28,43,51,52,56
03/04/2010,1167,4,5,20,47,53,56
07/04/2010,1168,1,11,14,23,42,48
10/04/2010,1169,11,13,27,34,46,49
14/04/2010,1170,3,10,13,30,41,57
17/04/2010,1171,6,12,28,43,52,56
20/04/2010,1172,5,7,24,25,36,47
24/04/2010,1173,6,7,39,47,51,52
28/04/2010,1174,2,3,12,16,37,47
30/04/2010,1175,11,14,21,30,33,49
05/05/2010,1176,33,38,47,50,52,55
08/05/2010,1177,1,22,30,45,50,53
12/05/2010,1178,5,22,28,47,59,60
15/05/2010,1179,12,30,34,44,57,60
19/05/2010,1180,18,20,26,31,44,45
22/05/2010,1181,2,4,29,52,56,60
26/05/2010,1182,5,10,12,20,29,37
29/05/2010,1183,4,9,23,27,28,30
02/06/2010,1184,2,10,21,35,43,54
05/06/2010,1185,7,8,12,13,15,41
09/06/2010,1186,8,17,19,40,43,49
12/06/2010,1187,9,20,44,52,59,60
16/06/2010,1188,14,21,27,31,35,50
19/06/2010,1189,10,11,19,37,53,56
23/06/2010,1190,3,11,16,22,25,33
26/06/2010,1191,17,20,49,52,57,59
30/06/2010,1192,2,9,12,14,32,54
03/07/2010,1193,6,13,24,41,50,53
07/07/2010,1194,17,20,26,27,55,57
10/07/2010,1195,3,6,19,20,58,60
14/07/2010,1196,36,37,39,49,54,60
17/07/2010,1197,22,29,36,41,48,58
21/07/2010,1198,16,19,23,28,39,58
24/07/2010,1199,3,10,11,39,54,56
28/07/2010,1200,28,32,36,49,55,60
31/07/2010,1201,8,9,11,48,53,60
04/08/2010,1202,7,9,30,33,38,55
07/08/2010,1203,5,10,25,39,43,52
11/08/2010,1204,4,13,14,26,29,35
14/08/2010,1205,2,6,11,36,37,48
18/08/2010,1206,9,11,22,32,35,56
21/08/2010,1207,1,12,20,26,45,54
25/08/2010,1208,5,14,17,30,35,38
28/08/2010,1209,3,7,9,10,31,34
01/09/2010,1210,3,15,31,36,48,54
04/09/2010,1211,2,23,33,35,40,50
08/09/2010,1212,3,11,26,34,45,53
11/09/2010,1213,5,29,30,36,41,48
15/09/2010,1214,10,25,30,47,50,51
18/09/2010,1215,4,7,13,25,27,58
22/09/2010,1216,5,11,15,28,43,50
25/09/2010,1217,10,23,29,31,33,46
29/09/2010,1218,2,33,34,37,41,53
02/10/2010,1219,5,15,43,48,52,55
06/10/2010,1220,5,14,37,43,46,58
09/10/2010,1221,5,8,19,26,48,57
13/10/2010,1222,15,17,35,42,47,48
16/10/2010,1223,19,21,27,41,53,57
20/10/2010,1224,31,32,34,40,50,55
23/10/2010,1225,10,31,40,50,55,56
27/10/2010,1226,4,28,30,31,35,54
30/10/2010,1227,10,23,36,50,52,60
03/11/2010,1228,12,30,32,40,49,60
06/11/2010,1229,9,12,19,22,35,37
10/11/2010,1230,5,20,23,27,39,49
13/11/2010,1231,8,11,12,15,18,22
17/11/2010,1232,22,29,32,49,54,59
20/11/2010,1233,3,5,19,24,30,35
24/11/2010,1234,10,16,20,26,49,55
27/11/2010,1235,3,8,17,20,38,53
01/12/2010,1236,5,18,21,26,39,59
04/12/2010,1237,13,14,24,39,40,45
08/12/2010,1238,1,15,37,39,48,52
11/12/2010,1239,8,9,12,22,42,49
15/12/2010,1240,10,13,25,26,28,45
18/12/2010,1241,11,34,45,48,51,54
20/12/2010,1242,9,19,23,29,32,57
22/12/2010,1243,2,8,15,25,34,45
24/12/2010,1244,2,10,34,37,43,50
31/12/2010,1245,10,37,40,43,57,59
05/01/2011,1246,3,9,11,24,36,51
08/01/2011,1247,20,33,34,57,58,60
12/01/2011,1248,3,8,36,40,51,53
15/01/2011,1249,1,2,24,40,51,59
19/01/2011,1250,5,27,34,46,48,52
22/01/2011,1251,2,14,35,39,49,51
26/01/2011,1252,2,17,23,43,44,51
29/01/2011,1253,7,9,14,18,29,39
02/02/2011,1254,5,23,38,39,51,54
05/02/2011,1255,26,33,35,38,43,53
09/02/2011,1256,2,15,26,27,30,52
12/02/2011,1257,11,26,47,55,57,59
16/02/2011,1258,4,6,39,46,54,58
19/02/2011,1259,19,23,29,31,41,53
23/02/2011,1260,10,14,22,41,42,53
26/02/2011,1261,5,7,8,9,11,39
02/03/2011,1262,4,18,26,36,41,53
05/03/2011,1263,4,17,36,37,51,56
09/03/2011,1264,13,19,24,46,50,60
12/03/2011,1265,6,10,33,39,42,60
16/03/2011,1266,4,20,30,41,47,58
19/03/2011,1267,3,16,17,44,53,60
23/03/2011,1268,4,5,15,17,27,51
26/03/2011,1269,5,9,24,31,33,42
30/03/2011,1270,1,2,39,48,52,59
02/04/2011,1271,13,26,27,28,35,52
06/04/2011,1272,13,19,26,40,58,60
09/04/2011,1273,13,17,21,39,40,59
13/04/2011,1274,2,14,48,55,58,60
16/04/2011,1275,5,9,11,22,36,40
20/04/2011,1276,12,18,31,50,59,60
23/04/2011,1277,4,16,24,25,30,56
27/04/2011,1278,8,14,29,35,36,40
30/04/2011,1279,6,10,16,20,29,54
04/05/2011,1280,8,11,14,30,36,38
07/05/2011,1281,4,23,39,52,55,56
11/05/2011,1282,8,30,40,44,59,60
14/05/2011,1283,20,21,26,29,31,36
18/05/2011,1284,10,15,28,31,33,38
21/05/2011,1285,2,5,28,33,51,52
25/05/2011,1286,11,12,31,33,42,52
28/05/2011,1287,17,30,32,40,42,56
01/06/2011,1288,1,3,8,13,27,52
04/06/2011,1289,2,3,14,23,34,50
08/06/2011,1290,18,40,47,54,57,58
11/06/2011,1291,9,11,23,30,31,54
15/06/2011,1292,1,13,24,40,44,50
18/06/2011,1293,4,6,29,48,50,51
22/06/2011,1294,2,5,15,20,43,57
25/06/2011,1295,10,14,43,46,49,53
29/06/2011,1296,2,5,11,13,56,59
02/07/2011,1297,14,15,30,53,55,60
06/07/2011,1298,8,22,32,43,53,56
09/07/2011,1299,43,44,46,53,54,59
13/07/2011,1300,3,16,23,25,51,56
16/07/2011,1301,2,10,15,44,56,57
20/07/2011,1302,8,19,46,51,52,54
23/07/2011,1303,7,14,15,20,23,35
27/07/2011,1304,3,5,11,36,44,46
30/07/2011,1305,6,19,22,34,43,45
03/08/2011,1306,7,10,32,43,47,54
06/08/2011,1307,7,8,24,30,33,47
09/08/2011,1308,7,12,25,26,32,39
11/08/2011,1309,8,9,14,32,53,59
13/08/2011,1310,7,9,12,19,45,54
17/08/2011,1311,5,20,22,28,29,30
20/08/2011,1312,1,4,26,39,43,49
24/08/2011,1313,38,42,44,52,58,60
27/08/2011,1314,1,27,29,38,50,52
31/08/2011,1315,8,13,25,34,42,48
03/09/2011,1316,6,13,29,30,35,37
08/09/2011,1317,11,14,16,28,34,46
10/09/2011,1318,4,5,16,18,27,51
14/09/2011,1319,17,24,25,38,41,55
17/09/2011,1320,10,47,51,53,59,60
21/09/2011,1321,10,21,43,47,53,55
24/09/2011,1322,6,15,25,37,48,55
28/09/2011,1323,18,29,31,44,51,57
01/10/2011,1324,2,5,16,20,35,43
05/10/2011,1325,10,11,18,19,30,50
08/10/2011,1326,16,35,36,41,52,54
13/10/2011,1327,10,23,27,43,53,59
15/10/2011,1328,7,8,11,39,43,50
19/10/2011,1329,8,18,21,30,48,49
22/10/2011,1330,9,24,26,39,46,57
26/10/2011,1331,3,5,13,24,35,59
29/10/2011,1332,25,26,28,33,42,51
03/11/2011,1333,1,6,8,10,25,27
05/11/2011,1334,3,14,20,22,49,51
09/11/2011,1335,1,32,38,47,51,54
12/11/2011,1336,2,20,35,38,45,51
16/11/2011,1337,1,18,19,33,43,60
19/11/2011,1338,7,10,14,16,54,59
23/11/2011,1339,13,21,30,36,59,60
26/11/2011,1340,1,11,20,37,40,52
30/11/2011,1341,5,7,42,46,50,60
03/12/2011,1342,19,20,31,42,51,56
07/12/2011,1343,8,19,21,36,42,59
10/12/2011,1344,7,17,19,26,40,50
14/12/2011,1345,12,32,40,47,48,59
17/12/2011,1346,9,19,45,46,54,56
20/12/2011,1347,7,12,38,39,45,56
22/12/2011,1348,9,19,20,50,51,60
24/12/2011,1349,3,4,29,36,45,55
31/12/2011,1350,13,33,36,41,50,56
04/01/2012,1351,9,18,24,35,36,59
07/01/2012,1352,3,11,13,27,32,47
11/01/2012,1353,2,8,38,42,48,49
14/01/2012,1354,11,17,24,39,46,49
18/01/2012,1355,6,13,21,22,31,46
21/01/2012,1356,1,19,24,26,52,55
25/01/2012,1357,3,15,16,35,37,47
28/01/2012,1358,6,10,12,17,28,53
01/02/2012,1359,2,16,17,25,50,54
04/02/2012,1360,23,27,30,37,38,44
08/02/2012,1361,2,12,19,22,36,58
11/02/2012,1362,25,35,42,45,52,57
15/02/2012,1363,10,13,20,40,44,53
18/02/2012,1364,2,24,26,32,35,50
22/02/2012,1365,12,27,37,44,54,59
25/02/2012,1366,2,7,13,29,38,43
01/03/2012,1367,10,21,26,29,32,38
03/03/2012,1368,5,16,24,32,38,46
07/03/2012,1369,2,4,5,27,49,59
10/03/2012,1370,3,4,8,11,47,49
14/03/2012,1371,3,36,40,46,58,60
17/03/2012,1372,7,27,39,52,55,57
21/03/2012,1373,6,21,28,31,33,43
24/03/2012,1374,14,25,28,45,53,58
28/03/2012,1375,9,11,21,49,53,54
31/03/2012,1376,2,5,12,13,25,35
04/04/2012,1377,2,5,17,18,54,59
07/04/2012,1378,5,12,36,45,50,58
11/04/2012,1379,3,14,52,55,57,60
14/04/2012,1380,11,27,30,40,44,57
18/04/2012,1381,5,13,16,17,27,55
20/04/2012,1382,7,9,23,44,46,55
25/04/2012,1383,2,18,30,31,45,56
28/04/2012,1384,27,35,36,37,42,59
02/05/2012,1385,12,28,38,39,51,56
05/05/2012,1386,18,27,32,43,50,52
09/05/2012,1387,22,29,31,43,50,54
12/05/2012,1388,1,16,28,39,44,57
16/05/2012,1389,4,19,27,28,29,31
19/05/2012,1390,7,12,19,34,40,53
23/05/2012,1391,2,8,12,28,33,43
26/05/2012,1392,4,18,24,28,39,44
30/05/2012,1393,11,16,24,35,46,50
02/06/2012,1394,5,11,17,19,44,48
06/06/2012,1395,29,48,52,54,55,58
09/06/2012,1396,3,4,7,15,27,56
13/06/2012,1397,14,32,33,40,42,51
16/06/2012,1398,34,39,43,56,57,60
20/06/2012,1399,9,26,34,43,53,54
23/06/2012,1400,11,12,25,33,48,54
27/06/2012,1401,2,9,10,21,27,38
30/06/2012,1402,13,16,20,26,39,42
04/07/2012,1403,7,8,27,31,32,51
07/07/2012,1404,3,14,17,32,37,39
11/07/2012,1405,7,10,17,24,38,57
14/07/2012,1406,18,29,31,42,43,53
18/07/2012,1407,4,19,20,24,39,43
21/07/2012,1408,6,19,26,47,50,58
25/07/2012,1409,18,29,40,42,50,54
28/07/2012,1410,8,12,32,44,46,48
01/08/2012,1411,6,8,24,37,41,45
04/08/2012,1412,13,15,33,45,54,55
07/08/2012,1413,21,37,44,46,49,57
09/08/2012,1414,26,36,40,46,49,51
11/08/2012,1415,3,19,22,24,35,49
15/08/2012,1416,5,12,45,52,56,59
18/08/2012,1417,7,8,10,12,27,56
22/08/2012,1418,17,21,30,48,52,58
25/08/2012,1419,2,11,16,18,36,45
29/08/2012,1420,19,31,39,44,53,59
01/09/2012,1421,2,5,13,17,39,44
05/09/2012,1422,3,8,21,25,27,43
08/09/2012,1423,3,7,15,29,38,60
12/09/2012,1424,7,16,29,36,38,50
15/09/2012,1425,6,15,18,24,30,44
19/09/2012,1426,8,39,44,47,53,56
22/09/2012,1427,7,15,19,34,37,55
26/09/2012,1428,9,12,22,39,48,60
29/09/2012,1429,2,19,22,30,46,52
03/10/2012,1430,5,9,13,33,40,54
06/10/2012,1431,16,24,25,42,45,59
10/10/2012,1432,4,13,14,40,46,52
13/10/2012,1433,3,18,22,34,55,58
17/10/2012,1434,4,15,45,47,50,52
20/10/2012,1435,1,13,23,24,30,57
24/10/2012,1436,22,23,26,37,38,48
27/10/2012,1437,7,14,31,33,36,49
31/10/2012,1438,2,34,35,42,43,55
03/11/2012,1439,2,6,28,36,51,56
07/11/2012,1440,17,29,36,38,53,56
10/11/2012,1441,12,13,20,30,34,49
14/11/2012,1442,12,20,32,48,52,54
17/11/2012,1443,2,5,27,28,48,55
21/11/2012,1444,5,19,32,41,49,58
24/11/2012,1445,6,13,24,32,40,51
28/11/2012,1446,1,19,28,33,39,41
01/12/2012,1447,1,25,29,36,56,60
05/12/2012,1448,2,6,18,30,52,56
08/12/2012,1449,26,27,31,38,44,45
12/12/2012,1450,2,10,11,33,52,57
15/12/2012,1451,2,14,28,50,57,58
18/12/2012,1452,6,13,25,32,47,57
20/12/2012,1453,4,27,29,41,48,52
22/12/2012,1454,14,32,33,36,41,52
31/12/2012,1455,6,8,14,26,36,40
02/01/2013,1456,15,16,34,42,46,59
05/01/2013,1457,2,4,16,33,44,51
09/01/2013,1458,2,6,30,34,35,52
12/01/2013,1459,4,14,27,38,50,52
16/01/2013,1460,31,36,44,47,49,54
19/01/2013,1461,5,9,25,27,38,40
23/01/2013,1462,13,22,28,29,40,48
26/01/2013,1463,2,24,32,50,54,59
30/01/2013,1464,6,11,16,26,44,53
02/02/2013,1465,4,6,13,34,37,51
06/02/2013,1466,23,24,26,41,52,53
09/02/2013,1467,1,2,10,19,20,37
13/02/2013,1468,4,13,35,54,56,58
16/02/2013,1469,2,34,36,38,51,55
20/02/2013,1470,10,25,33,36,40,58
23/02/2013,1471,12,18,23,25,45,50
27/02/2013,1472,2,12,33,57,58,60
02/03/2013,1473,1,2,3,11,28,43
06/03/2013,1474,12,13,37,44,48,51
09/03/2013,1475,4,10,26,37,47,57
13/03/2013,1476,3,4,46,50,56,59
16/03/2013,1477,10,27,37,40,47,55
20/03/2013,1478,21,48,50,54,57,60
23/03/2013,1479,9,14,21,26,36,52
27/03/2013,1480,17,27,28,40,44,55
30/03/2013,1481,6,9,11,34,41,53
03/04/2013,1482,1,35,39,53,55,56
06/04/2013,1483,17,20,24,29,49,53
10/04/2013,1484,4,27,30,36,54,59
13/04/2013,1485,1,6,10,34,40,54
17/04/2013,1486,4,9,17,23,28,53
20/04/2013,1487,4,22,25,38,45,51
24/04/2013,1488,1,15,24,26,28,48
27/04/2013,1489,1,3,31,32,43,52
02/05/2013,1490,6,26,45,50,56,60
04/05/2013,1491,4,9,18,44,46,48
08/05/2013,1492,7,12,24,27,30,49
11/05/2013,1493,2,14,24,28,35,50
15/05/2013,1494,4,13,14,44,49,57
18/05/2013,1495,14,18,28,41,47,54
22/05/2013,1496,4,5,7,27,45,58
25/05/2013,1497,6,11,27,40,46,49
29/05/2013,1498,8,22,26,33,37,54
01/06/2013,1499,10,18,31,43,57,59
05/06/2013,1500,1,7,13,29,37,54
08/06/2013,1501,6,22,43,51,52,57
12/06/2013,1502,3,4,16,22,36,42
15/06/2013,1503,2,10,12,30,41,42
19/06/2013,1504,1,2,6,9,16,32
22/06/2013,1505,3,14,18,34,42,49
26/06/2013,1506,24,46,50,51,52,56
29/06/2013,1507,17,18,30,35,39,58
03/07/2013,1508,1,6,27,46,51,59
06/07/2013,1509,1,8,17,44,46,53
10/07/2013,1510,4,8,17,29,31,45
13/07/2013,1511,11,28,35,42,46,58
17/07/2013,1512,17,28,31,56,57,58
20/07/2013,1513,16,17,23,42,59,60
24/07/2013,1514,4,13,14,18,49,59
27/07/2013,1515,4,18,20,34,45,60
31/07/2013,1516,7,17,38,45,52,56
03/08/2013,1517,8,9,28,41,48,55
06/08/2013,1518,5,6,15,23,56,59
08/08/2013,1519,7,31,35,36,46,48
10/08/2013,1520,11,14,18,30,33,39
14/08/2013,1521,5,8,23,32,33,56
17/08/2013,1522,22,25,31,39,41,44
21/08/2013,1523,2,12,40,46,52,53
24/08/2013,1524,2,26,30,35,46,54
28/08/2013,1525,10,16,28,47,51,59
31/08/2013,1526,16,32,36,42,44,48
04/09/2013,1527,4,13,15,19,36,58
06/09/2013,1528,11,15,17,34,35,49
11/09/2013,1529,10,16,28,33,48,53
14/09/2013,1530,12,13,24,41,42,44
18/09/2013,1531,2,11,23,31,42,44
21/09/2013,1532,13,21,29,34,47,57
25/09/2013,1533,1,12,28,29,34,48
28/09/2013,1534,8,9,25,41,54,55
02/10/2013,1535,13,18,29,32,50,58
05/10/2013,1536,6,10,33,50,51,56
09/10/2013,1537,23,27,35,52,53,57
11/10/2013,1538,8,10,20,26,49,58
16/10/2013,1539,3,17,27,32,47,54
19/10/2013,1540,5,24,37,44,49,58
23/10/2013,1541,7,11,12,30,39,57
26/10/2013,1542,7,15,20,23,30,41
30/10/2013,1543,2,21,30,35,45,50
01/11/2013,1544,4,6,11,24,45,48
06/11/2013,1545,4,17,38,44,53,60
09/11/2013,1546,2,9,10,18,21,28
13/11/2013,1547,19,41,42,44,47,54
16/11/2013,1548,10,12,16,20,32,53
20/11/2013,1549,9,13,21,27,36,56
23/11/2013,1550,2,15,19,21,23,38
27/11/2013,1551,7,18,24,26,39,46
30/11/2013,1552,20,21,22,29,46,60
04/12/2013,1553,30,32,49,50,52,53
07/12/2013,1554,2,5,23,33,52,59
11/12/2013,1555,1,4,7,10,11,52
14/12/2013,1556,4,16,18,31,45,46
17/12/2013,1557,7,15,17,31,42,54
19/12/2013,1558,8,12,16,29,37,58
21/12/2013,1559,20,30,36,38,47,53
31/12/2013,1560,23,26,28,54,55,60
02/01/2014,1561,10,12,23,37,47,51
04/01/2014,1562,1,6,13,20,36,43
09/01/2014,1563,25,38,44,46,53,54
11/01/2014,1564,18,37,39,41,43,51
15/01/2014,1565,5,6,11,32,36,60
18/01/2014,1566,2,15,30,38,48,53
22/01/2014,1567,19,24,25,28,42,58
25/01/2014,1568,5,15,18,31,42,53
29/01/2014,1569,15,18,24,42,46,56
01/02/2014,1570,3,29,32,46,55,60
05/02/2014,1571,20,27,42,45,46,47
08/02/2014,1572,7,16,21,35,36,38
12/02/2014,1573,6,27,28,33,46,48
15/02/2014,1574,1,4,5,14,45,56
19/02/2014,1575,13,15,21,26,30,46
22/02/2014,1576,11,14,25,32,51,59
26/02/2014,1577,3,6,30,37,53,56
01/03/2014,1578,25,34,40,49,51,60
05/03/2014,1579,1,6,14,17,33,36
08/03/2014,1580,14,15,25,30,31,34
12/03/2014,1581,1,4,13,17,38,48
15/03/2014,1582,2,9,17,18,45,47
19/03/2014,1583,3,22,27,28,50,54
22/03/2014,1584,3,22,27,28,49,55
26/03/2014,1585,8,39,43,46,47,58
29/03/2014,1586,8,19,21,30,52,56
02/04/2014,1587,23,29,32,36,45,49
05/04/2014,1588,4,5,11,19,41,51
09/04/2014,1589,7,20,34,40,44,55
12/04/2014,1590,4,10,23,33,38,55
16/04/2014,1591,31,36,38,41,42,49
19/04/2014,1592,4,9,17,18,21,38
23/04/2014,1593,6,7,8,23,43,53
26/04/2014,1594,2,5,8,42,46,59
30/04/2014,1595,1,5,7,10,12,45
03/05/2014,1596,5,10,16,44,50,52
07/05/2014,1597,29,31,36,42,47,53
10/05/2014,1598,3,10,15,35,36,58
14/05/2014,1599,9,23,32,35,46,57
17/05/2014,1600,8,10,24,45,56,60
21/05/2014,1601,8,12,22,35,40,44
24/05/2014,1602,13,20,27,31,53,60
28/05/2014,1603,2,21,24,27,40,51
31/05/2014,1604,9,19,21,30,31,42
04/06/2014,1605,1,15,37,42,46,54
07/06/2014,1606,7,31,32,41,51,52
11/06/2014,1607,5,6,17,43,54,59
14/06/2014,1608,2,6,13,26,53,60
18/06/2014,1609,1,4,9,35,36,53
21/06/2014,1610,24,28,47,50,51,58
25/06/2014,1611,6,13,17,36,42,51
28/06/2014,1612,4,18,31,44,46,49
02/07/2014,1613,14,17,21,27,43,49
05/07/2014,1614,5,20,26,31,33,44
09/07/2014,1615,28,31,40,42,46,58
12/07/2014,1616,3,23,26,31,47,54
16/07/2014,1617,9,20,24,43,51,52
19/07/2014,1618,5,8,17,42,46,47
23/07/2014,1619,13,23,27,34,38,57
26/07/2014,1620,10,22,24,38,39,49
30/07/2014,1621,4,5,7,21,45,53
02/08/2014,1622,33,43,49,50,56,59
05/08/2014,1623,2,27,32,41,47,58
07/08/2014,1624,11,22,36,40,45,52
09/08/2014,1625,3,5,14,35,43,52
13/08/2014,1626,20,26,32,41,45,57
16/08/2014,1627,26,29,34,38,50,60
20/08/2014,1628,4,20,24,35,47,59
23/08/2014,1629,1,7,30,43,44,54
27/08/2014,1630,4,29,44,47,48,60
30/08/2014,1631,6,18,24,27,56,59
03/09/2014,1632,1,2,11,13,36,49
06/09/2014,1633,9,10,23,33,44,51
10/09/2014,1634,8,23,28,30,32,51
13/09/2014,1635,19,26,33,35,51,52
17/09/2014,1636,1,5,24,47,55,56
20/09/2014,1637,1,2,38,41,42,58
24/09/2014,1638,16,29,34,35,49,51
27/09/2014,1639,2,6,18,23,31,46
01/10/2014,1640,23,29,30,33,46,51
04/10/2014,1641,3,23,42,43,47,60
08/10/2014,1642,16,19,20,28,37,60
11/10/2014,1643,10,13,16,22,34,60
15/10/2014,1644,8,18,21,31,37,38
18/10/2014,1645,19,23,34,40,41,58
22/10/2014,1646,12,17,23,38,53,54
25/10/2014,1647,15,16,18,20,22,48
29/10/2014,1648,24,33,38,42,44,54
01/11/2014,1649,17,23,29,38,57,60
05/11/2014,1650,8,27,35,38,41,44
08/11/2014,1651,7,24,26,28,44,57
12/11/2014,1652,1,21,22,27,32,45
14/11/2014,1653,7,16,33,42,50,58
19/11/2014,1654,7,24,28,46,53,56
22/11/2014,1655,4,6,11,43,54,56
26/11/2014,1656,7,10,14,37,45,54
29/11/2014,1657,7,11,19,23,40,49
03/12/2014,1658,4,10,20,33,37,49
06/12/2014,1659,8,17,34,38,42,51
10/12/2014,1660,13,16,27,43,48,58
13/12/2014,1661,10,14,25,29,33,57
17/12/2014,1662,18,20,27,40,49,55
20/12/2014,1663,8,21,23,29,36,48
24/12/2014,1664,1,5,11,16,20,56
31/12/2014,1665,1,2,23,27,45,51
03/01/2015,1666,7,12,24,44,51,56
07/01/2015,1667,5,40,47,52,55,57
10/01/2015,1668,28,29,31,45,48,49
14/01/2015,1669,1,17,19,30,33,47
17/01/2015,1670,21,27,31,45,55,56
21/01/2015,1671,1,3,5,10,20,42
24/01/2015,1672,5,10,23,24,35,47
28/01/2015,1673,22,30,42,50,58,59
31/01/2015,1674,3,18,34,35,36,56
04/02/2015,1675,1,2,11,37,48,51
07/02/2015,1676,10,15,28,33,51,52
11/02/2015,1677,9,11,17,19,35,52
14/02/2015,1678,1,2,27,28,46,47
18/02/2015,1679,23,37,38,46,47,51
21/02/2015,1680,1,6,8,11,33,50
25/02/2015,1681,7,13,35,37,39,51
28/02/2015,1682,4,12,32,33,34,48
04/03/2015,1683,9,12,18,31,39,50
07/03/2015,1684,3,18,31,39,46,51
11/03/2015,1685,9,14,37,44,46,55
14/03/2015,1686,15,24,37,46,49,58
18/03/2015,1687,18,23,30,32,42,56
21/03/2015,1688,2,5,13,27,41,53
25/03/2015,1689,21,24,26,35,45,53
28/03/2015,1690,1,10,24,39,45,58
01/04/2015,1691,11,13,14,27,44,56
04/04/2015,1692,5,15,18,19,21,38
08/04/2015,1693,20,29,34,37,45,57
11/04/2015,1694,24,36,38,43,44,58
15/04/2015,1695,1,12,17,31,37,46
18/04/2015,1696,8,23,30,51,53,58
22/04/2015,1697,11,13,24,28,44,45
25/04/2015,1698,1,6,10,30,33,38
29/04/2015,1699,15,18,41,48,50,58
02/05/2015,1700,3,9,18,32,40,56
05/05/2015,1701,17,19,33,35,39,52
07/05/2015,1702,3,23,26,35,39,49
09/05/2015,1703,1,7,11,32,51,59
13/05/2015,1704,25,27,29,37,50,51
16/05/2015,1705,12,31,34,36,48,56
20/05/2015,1706,7,16,20,27,36,52
23/05/2015,1707,17,29,32,38,45,50
27/05/2015,1708,7,19,30,35,42,47
30/05/2015,1709,7,21,28,56,58,59
03/06/2015,1710,22,26,38,39,45,50
06/06/2015,1711,2,12,19,29,50,59
10/06/2015,1712,3,10,16,23,27,29
13/06/2015,1713,2,8,24,36,51,52
17/06/2015,1714,16,20,35,40,53,60
20/06/2015,1715,2,25,36,41,42,53
24/06/2015,1716,2,9,16,37,44,58
27/06/2015,1717,4,30,31,32,47,53
01/07/2015,1718,1,22,31,34,44,54
04/07/2015,1719,18,23,31,39,49,57
07/07/2015,1720,4,12,19,33,36,38
09/07/2015,1721,9,23,39,41,49,58
11/07/2015,1722,14,27,30,46,52,60
15/07/2015,1723,27,33,37,39,58,60
18/07/2015,1724,16,18,26,30,31,34
22/07/2015,1725,3,10,42,49,54,57
25/07/2015,1726,4,6,19,20,40,41
29/07/2015,1727,3,8,28,39,42,59
01/08/2015,1728,7,14,23,43,44,53
04/08/2015,1729,1,10,17,24,42,51
06/08/2015,1730,5,18,27,43,49,59
08/08/2015,1731,25,34,38,45,53,60
12/08/2015,1732,3,5,9,14,41,46
15/08/2015,1733,12,17,25,29,41,52
19/08/2015,1734,6,16,33,34,45,46
22/08/2015,1735,12,13,24,29,32,41
26/08/2015,1736,5,8,42,50,51,59
29/08/2015,1737,12,28,37,46,48,53
02/09/2015,1738,9,10,17,32,34,46
05/09/2015,1739,10,15,25,38,47,53
09/09/2015,1740,15,18,20,32,48,49
12/09/2015,1741,11,19,21,23,27,52
16/09/2015,1742,4,10,29,31,34,35
19/09/2015,1743,9,12,14,29,42,56
23/09/2015,1744,9,13,18,47,52,60
26/09/2015,1745,6,18,37,40,41,58
30/09/2015,1746,6,33,34,48,53,59
03/10/2015,1747,2,10,13,41,49,53
07/10/2015,1748,3,13,14,29,33,43
10/10/2015,1749,15,17,20,31,41,48
13/10/2015,1750,15,22,23,42,51,57
15/10/2015,1751,9,36,37,53,55,60
17/10/2015,1752,8,15,29,35,45,54
21/10/2015,1753,20,27,30,31,40,53
24/10/2015,1754,2,5,8,18,30,48
28/10/2015,1755,6,13,14,28,35,45
31/10/2015,1756,13,25,28,37,43,56
04/11/2015,1757,6,11,16,23,36,42
07/11/2015,1758,2,14,21,22,51,60
10/11/2015,1759,10,24,25,36,47,48
13/11/2015,1760,9,10,36,50,53,55
14/11/2015,1761,26,32,42,45,55,59
18/11/2015,1762,9,12,15,21,31,36
21/11/2015,1763,6,7,29,39,41,55
25/11/2015,1764,1,6,28,37,56,58
28/11/2015,1765,22,23,41,46,53,60
02/12/2015,1766,16,26,35,39,44,45
05/12/2015,1767,5,7,11,34,35,50
09/12/2015,1768,32,37,44,47,54,60
12/12/2015,1769,11,26,27,30,34,41
16/12/2015,1770,2,20,27,28,32,38
19/12/2015,1771,12,19,27,39,41,45
22/12/2015,1772,15,30,39,41,45,59
24/12/2015,1773,1,12,20,30,52,60
26/12/2015,1774,2,18,31,42,51,56
31/12/2015,1775,10,11,14,19,39,48
02/01/2016,1776,4,19,38,44,52,55
06/01/2016,1777,4,10,38,40,45,48
09/01/2016,1778,12,25,30,39,56,57
12/01/2016,1779,6,20,22,31,33,34
14/01/2016,1780,1,8,22,49,52,53
16/01/2016,1781,6,18,34,47,52,57
20/01/2016,1782,4,6,16,18,21,38
23/01/2016,1783,4,15,26,30,54,55
27/01/2016,1784,5,11,27,41,42,54
30/01/2016,1785,2,6,8,21,25,34
02/02/2016,1786,1,5,13,25,26,29
04/02/2016,1787,3,13,42,45,56,59
06/02/2016,1788,6,25,43,57,58,59
10/02/2016,1789,11,13,26,27,28,50
13/02/2016,1790,12,18,46,50,53,55
17/02/2016,1791,2,16,17,18,41,47
20/02/2016,1792,13,14,22,54,56,58
24/02/2016,1793,1,5,34,37,40,60
27/02/2016,1794,30,42,47,50,55,58
02/03/2016,1795,22,23,34,48,53,54
05/03/2016,1796,2,13,14,35,54,57
08/03/2016,1797,2,9,23,28,45,53
10/03/2016,1798,1,3,4,39,51,53
12/03/2016,1799,6,11,16,19,31,56
16/03/2016,1800,6,19,34,43,45,54
19/03/2016,1801,2,6,13,14,17,44
23/03/2016,1802,4,8,29,38,49,50
26/03/2016,1803,20,21,28,48,50,59
30/03/2016,1804,17,22,27,31,49,57
02/04/2016,1805,11,20,35,42,55,58
06/04/2016,1806,1,15,16,22,25,43
09/04/2016,1807,2,14,20,25,41,45
13/04/2016,1808,9,12,23,24,46,54
16/04/2016,1809,1,10,25,43,50,56
20/04/2016,1810,5,17,32,35,37,57
23/04/2016,1811,20,23,32,34,37,45
27/04/2016,1812,9,11,13,15,19,51
30/04/2016,1813,9,11,27,46,51,53
03/05/2016,1814,8,11,25,39,41,60
05/05/2016,1815,5,10,12,22,28,46
07/05/2016,1816,1,4,26,39,47,55
11/05/2016,1817,2,6,10,15,53,56
14/05/2016,1818,17,18,26,30,33,37
18/05/2016,1819,3,19,23,27,40,45
21/05/2016,1820,19,22,31,36,52,53
25/05/2016,1821,1,22,26,43,50,53
28/05/2016,1822,4,9,21,34,54,59
01/06/2016,1823,5,6,12,19,30,60
04/06/2016,1824,10,11,21,50,51,54
07/06/2016,1825,17,19,32,43,48,51
09/06/2016,1826,26,33,42,43,53,54
11/06/2016,1827,6,11,32,40,48,59
15/06/2016,1828,7,13,24,30,32,53
18/06/2016,1829,3,7,29,37,54,60
22/06/2016,1830,15,27,28,32,48,55
25/06/2016,1831,14,34,46,47,56,57
29/06/2016,1832,2,3,7,16,27,42
02/07/2016,1833,2,17,22,24,48,51
06/07/2016,1834,8,28,36,47,50,58
09/07/2016,1835,8,15,18,45,59,60
12/07/2016,1836,41,44,48,50,54,57
14/07/2016,1837,5,8,24,30,57,59
16/07/2016,1838,7,22,28,32,56,58
20/07/2016,1839,15,17,33,41,47,48
23/07/2016,1840,3,6,13,38,49,51
27/07/2016,1841,16,18,22,24,34,43
30/07/2016,1842,8,26,28,33,41,54
03/08/2016,1843,3,4,37,39,48,50
06/08/2016,1844,3,9,13,29,30,51
09/08/2016,1845,6,24,26,30,34,49
11/08/2016,1846,1,6,45,49,50,57
13/08/2016,1847,9,40,41,50,55,58
17/08/2016,1848,3,5,11,27,35,44
20/08/2016,1849,23,24,32,38,40,41
24/08/2016,1850,8,18,21,22,35,37
27/08/2016,1851,13,17,29,45,49,50
31/08/2016,1852,1,2,34,39,41,45
03/09/2016,1853,25,30,31,34,43,59
08/09/2016,1854,6,10,15,24,38,39
10/09/2016,1855,2,9,14,22,32,37
14/09/2016,1856,13,23,25,35,52,53
17/09/2016,1857,22,28,30,33,55,59
20/09/2016,1858,1,13,14,21,26,51
22/09/2016,1859,10,30,36,40,44,60
24/09/2016,1860,2,4,9,35,45,60
28/09/2016,1861,2,8,35,42,49,56
01/10/2016,1862,16,23,45,56,58,59
05/10/2016,1863,4,5,14,37,40,60
08/10/2016,1864,1,5,31,32,37,42
13/10/2016,1865,14,17,36,38,44,60
15/10/2016,1866,3,10,17,21,22,43
18/10/2016,1867,1,5,23,25,28,31
20/10/2016,1868,11,23,24,26,40,52
22/10/2016,1869,18,20,30,32,33,40
26/10/2016,1870,3,11,17,33,52,58
29/10/2016,1871,11,13,25,39,46,56
03/11/2016,1872,5,25,28,41,53,54
05/11/2016,1873,10,28,37,43,44,47
08/11/2016,1874,1,45,47,52,53,55
10/11/2016,1875,7,18,39,41,44,51
12/11/2016,1876,13,16,23,24,32,35
16/11/2016,1877,12,16,26,40,56,57
19/11/2016,1878,5,10,20,57,58,59
23/11/2016,1879,5,16,19,37,51,56
26/11/2016,1880,3,10,30,44,53,56
30/11/2016,1881,9,10,19,35,37,41
03/12/2016,1882,16,27,28,47,59,60
07/12/2016,1883,1,4,23,32,38,59
10/12/2016,1884,7,14,18,23,32,59
14/12/2016,1885,3,7,15,40,45,54
17/12/2016,1886,11,23,34,41,46,56
20/12/2016,1887,1,10,17,18,45,48
22/12/2016,1888,16,23,25,28,30,44
24/12/2016,1889,5,11,22,24,51,53
31/12/2016,1890,1,3,19,23,47,58
04/01/2017,1891,6,17,22,30,37,50
07/01/2017,1892,16,17,19,28,45,58
11/01/2017,1893,21,31,35,53,54,57
14/01/2017,1894,2,3,5,10,15,34
18/01/2017,1895,3,6,14,15,21,25
21/01/2017,1896,9,22,25,47,52,58
25/01/2017,1897,12,34,45,53,55,58
28/01/2017,1898,20,23,35,36,44,48
01/02/2017,1899,8,11,27,28,43,46
04/02/2017,1900,11,12,26,30,37,53
08/02/2017,1901,2,7,9,18,21,25
11/02/2017,1902,9,10,15,28,43,45
15/02/2017,1903,12,15,18,21,51,56
18/02/2017,1904,29,35,43,54,56,57
21/02/2017,1905,6,27,33,39,40,60
23/02/2017,1906,3,25,35,38,44,48
25/02/2017,1907,4,10,13,23,27,57
01/03/2017,1908,11,40,43,45,47,57
04/03/2017,1909,6,9,15,22,39,48
08/03/2017,1910,16,18,23,30,32,33
11/03/2017,1911,10,13,33,35,36,42
15/03/2017,1912,4,14,17,43,52,56
18/03/2017,1913,16,29,33,39,42,44
22/03/2017,1914,2,20,21,33,48,57
25/03/2017,1915,3,9,18,23,50,52
29/03/2017,1916,4,21,25,33,36,46
01/04/2017,1917,16,17,20,22,38,50
05/04/2017,1918,11,28,37,45,54,60
08/04/2017,1919,25,31,33,39,43,45
12/04/2017,1920,10,15,16,19,28,35
15/04/2017,1921,20,22,36,38,41,43
19/04/2017,1922,9,34,42,45,46,59
22/04/2017,1923,12,16,30,52,53,58
26/04/2017,1924,1,17,38,43,45,47
29/04/2017,1925,2,3,14,20,30,46
03/05/2017,1926,5,11,13,19,30,31
06/05/2017,1927,10,26,28,51,53,59
09/05/2017,1928,3,10,23,36,43,52
11/05/2017,1929,4,17,18,37,52,56
13/05/2017,1930,2,8,9,15,22,34
17/05/2017,1931,10,16,21,29,44,55
20/05/2017,1932,2,14,15,19,35,59
24/05/2017,1933,8,23,35,39,56,59
27/05/2017,1934,1,3,10,17,23,24
31/05/2017,1935,3,12,24,40,51,52
03/06/2017,1936,6,10,24,29,43,55
07/06/2017,1937,10,16,32,40,42,54
10/06/2017,1938,7,24,29,39,45,52
14/06/2017,1939,9,13,16,17,36,47
17/06/2017,1940,1,9,24,38,48,49
21/06/2017,1941,6,18,20,24,43,48
24/06/2017,1942,9,11,12,30,39,43
28/06/2017,1943,8,9,39,47,57,59
01/07/2017,1944,4,8,10,21,45,54
04/07/2017,1945,4,6,39,44,52,60
06/07/2017,1946,8,33,40,52,55,59
08/07/2017,1947,12,20,24,28,33,57
12/07/2017,1948,1,6,14,22,30,56
15/07/2017,1949,10,21,32,34,48,57
19/07/2017,1950,14,16,19,21,33,55
22/07/2017,1951,9,21,36,38,52,53
26/07/2017,1952,9,26,29,42,43,45
29/07/2017,1953,9,25,33,35,40,49
02/08/2017,1954,15,27,33,36,41,45
05/08/2017,1955,5,8,20,28,40,45
08/08/2017,1956,2,14,22,23,29,47
10/08/2017,1957,15,20,22,24,34,55
12/08/2017,1958,8,21,27,35,43,56
16/08/2017,1959,1,18,25,37,39,43
19/08/2017,1960,17,25,26,30,32,50
23/08/2017,1961,5,6,15,25,39,53
26/08/2017,1962,4,5,7,34,42,60
30/08/2017,1963,2,27,32,36,48,50
02/09/2017,1964,26,28,35,38,48,55
06/09/2017,1965,10,13,19,32,40,60
09/09/2017,1966,13,30,32,39,46,54
13/09/2017,1967,35,36,39,44,48,52
16/09/2017,1968,8,20,30,32,48,59
19/09/2017,1969,5,10,18,24,39,52
21/09/2017,1970,4,10,41,44,52,54
23/09/2017,1971,9,16,20,54,57,59
27/09/2017,1972,1,12,16,17,52,60
30/09/2017,1973,4,19,27,38,54,57
04/10/2017,1974,8,11,24,26,47,57
07/10/2017,1975,12,14,19,25,52,59
11/10/2017,1976,3,16,28,32,34,37
14/10/2017,1977,2,6,22,44,55,57
17/10/2017,1978,22,23,29,32,38,45
19/10/2017,1979,12,16,17,18,34,37
21/10/2017,1980,6,15,19,37,39,53
25/10/2017,1981,4,14,20,24,46,50
28/10/2017,1982,5,6,10,14,22,36
01/11/2017,1983,21,29,32,35,43,50
04/11/2017,1984,9,28,29,34,36,55
07/11/2017,1985,23,36,43,44,55,56
09/11/2017,1986,10,14,31,34,45,58
11/11/2017,1987,5,10,39,42,46,54
16/11/2017,1988,15,22,30,32,40,58
18/11/2017,1989,11,24,26,34,37,59
22/11/2017,1990,19,20,28,34,36,44
25/11/2017,1991,5,11,13,21,53,54
29/11/2017,1992,6,17,33,48,50,57
02/12/2017,1993,2,5,12,32,40,44
06/12/2017,1994,14,26,29,35,37,39
09/12/2017,1995,7,20,21,24,40,56
13/12/2017,1996,1,7,14,31,35,46
16/12/2017,1997,8,21,24,25,52,57
19/12/2017,1998,15,37,38,42,49,50
21/12/2017,1999,3,6,10,17,34,37
31/12/2017,2000,20,22,36,42,52,60
03/01/2018,2001,4,28,30,38,46,59
06/01/2018,2002,28,34,40,43,50,51
10/01/2018,2003,1,5,14,23,35,45
13/01/2018,2004,11,19,22,33,34,53
17/01/2018,2005,1,9,14,20,25,54
20/01/2018,2006,4,14,39,41,54,58
24/01/2018,2007,22,27,33,42,58,59
27/01/2018,2008,1,37,44,46,48,50
31/01/2018,2009,8,10,18,34,39,56
03/02/2018,2010,2,28,32,35,54,58
06/02/2018,2011,8,11,27,35,36,51
08/02/2018,2012,6,23,30,36,53,56
10/02/2018,2013,16,32,40,46,53,56
14/02/2018,2014,17,18,27,32,39,58
17/02/2018,2015,4,11,17,18,21,48
21/02/2018,2016,2,10,11,24,38,56
24/02/2018,2017,11,22,25,27,55,59
28/02/2018,2018,23,41,46,52,54,59
03/03/2018,2019,2,36,46,48,57,60
07/03/2018,2020,7,14,32,37,40,60
10/03/2018,2021,4,28,45,48,52,60
14/03/2018,2022,1,6,7,8,23,56
17/03/2018,2023,16,20,23,29,35,47
21/03/2018,2024,4,24,46,52,55,56
24/03/2018,2025,10,23,31,33,51,52
28/03/2018,2026,11,15,29,37,39,44
31/03/2018,2027,7,11,24,36,42,58
04/04/2018,2028,6,15,18,33,37,40
07/04/2018,2029,4,27,38,40,58,59
11/04/2018,2030,18,23,37,39,50,55
14/04/2018,2031,6,14,19,20,39,53
17/04/2018,2032,10,18,33,38,40,43
20/04/2018,2033,6,7,13,17,22,56
25/04/2018,2034,30,35,36,38,49,52
28/04/2018,2035,7,8,19,23,27,58
02/05/2018,2036,14,16,23,30,45,60
05/05/2018,2037,6,25,26,35,38,40
08/05/2018,2038,6,12,22,28,31,44
10/05/2018,2039,6,9,41,54,56,58
12/05/2018,2040,10,12,22,25,42,54
16/05/2018,2041,14,22,29,32,33,35
19/05/2018,2042,21,38,53,56,57,58
23/05/2018,2043,7,14,47,54,56,60
26/05/2018,2044,15,25,27,45,46,50
30/05/2018,2045,3,6,11,27,28,46
02/06/2018,2046,1,18,19,29,44,54
06/06/2018,2047,10,19,26,35,38,39
09/06/2018,2048,10,19,27,31,51,53
13/06/2018,2049,8,31,32,33,38,50
16/06/2018,2050,1,5,6,37,44,53
20/06/2018,2051,50,51,56,57,58,59
23/06/2018,2052,12,22,27,37,40,55
27/06/2018,2053,4,7,12,22,26,39
30/06/2018,2054,6,25,35,43,46,53
03/07/2018,2055,18,22,29,34,36,47
05/07/2018,2056,10,13,20,37,38,54
07/07/2018,2057,4,19,23,29,56,59
11/07/2018,2058,4,5,36,40,44,56
14/07/2018,2059,8,9,11,25,39,41
18/07/2018,2060,33,36,40,44,45,54
21/07/2018,2061,8,10,15,23,25,34
25/07/2018,2062,6,10,19,24,25,29
28/07/2018,2063,10,14,36,53,55,60
01/08/2018,2064,4,11,20,30,37,43
04/08/2018,2065,6,25,27,35,45,55
08/08/2018,2066,2,11,13,26,32,59
11/08/2018,2067,3,5,9,40,42,47
14/08/2018,2068,3,17,34,35,40,48
16/08/2018,2069,5,26,27,34,42,48
18/08/2018,2070,24,33,34,35,46,60
22/08/2018,2071,10,12,13,20,22,54
25/08/2018,2072,12,15,18,30,52,55
29/08/2018,2073,8,18,23,37,42,58
01/09/2018,2074,7,9,23,33,57,59
05/09/2018,2075,5,6,12,15,22,43
08/09/2018,2076,13,16,26,35,37,39
12/09/2018,2077,2,11,15,30,36,39
15/09/2018,2078,1,2,14,37,55,58
18/09/2018,2079,10,22,40,46,55,58
20/09/2018,2080,13,18,35,40,41,42
22/09/2018,2081,6,25,33,42,48,49
26/09/2018,2082,1,18,19,33,56,60
29/09/2018,2083,7,20,26,37,38,39
03/10/2018,2084,12,21,25,37,38,49
06/10/2018,2085,4,35,43,46,47,53
10/10/2018,2086,2,18,19,23,34,53
13/10/2018,2087,3,14,24,27,38,56
17/10/2018,2088,5,10,32,38,48,49
20/10/2018,2089,8,11,18,37,40,51
23/10/2018,2090,10,11,12,37,38,59
25/10/2018,2091,11,13,15,17,22,27
27/10/2018,2092,8,14,27,34,52,54
31/10/2018,2093,4,16,19,31,33,44
03/11/2018,2094,16,29,35,43,49,56
07/11/2018,2095,6,11,13,19,24,51
10/11/2018,2096,9,24,28,45,49,51
14/11/2018,2097,2,8,18,27,38,60
17/11/2018,2098,5,15,20,27,30,58
21/11/2018,2099,1,10,11,13,35,49
24/11/2018,2100,2,8,18,37,56,58
28/11/2018,2101,4,6,17,34,51,57
01/12/2018,2102,3,13,40,44,46,50
04/12/2018,2103,2,10,12,27,45,56
06/12/2018,2104,11,13,16,24,31,46
08/12/2018,2105,3,27,36,39,40,43
12/12/2018,2106,8,38,44,50,56,60
15/12/2018,2107,19,22,29,41,44,59
18/12/2018,2108,4,12,16,34,44,49
20/12/2018,2109,5,10,12,18,25,33
31/12/2018,2110,1,41,44,46,54,58
02/01/2019,2111,17,39,43,46,52,53
05/01/2019,2112,11,14,21,25,46,50
09/01/2019,2113,17,25,30,35,42,57
12/01/2019,2114,4,19,27,35,40,44
15/01/2019,2115,1,9,19,21,34,54
17/01/2019,2116,4,28,29,30,43,52
19/01/2019,2117,11,12,20,40,41,46
23/01/2019,2118,19,21,26,31,42,49
26/01/2019,2119,13,20,24,25,38,41
30/01/2019,2120,8,10,17,29,37,40
02/02/2019,2121,3,11,15,21,27,49
06/02/2019,2122,14,15,47,50,56,59
09/02/2019,2123,2,11,20,31,43,47
13/02/2019,2124,1,31,44,46,53,58
16/02/2019,2125,7,12,24,27,39,58
20/02/2019,2126,1,7,28,30,44,46
23/02/2019,2127,11,16,24,46,54,55
26/02/2019,2128,6,12,31,32,46,60
28/02/2019,2129,13,16,36,53,54,55
02/03/2019,2130,2,3,6,18,20,28
06/03/2019,2131,5,18,30,35,39,60
09/03/2019,2132,19,20,26,51,52,57
13/03/2019,2133,6,21,34,46,54,59
16/03/2019,2134,9,23,28,40,48,59
20/03/2019,2135,1,8,11,22,30,35
23/03/2019,2136,1,2,11,12,34,49
27/03/2019,2137,4,13,14,21,30,34
30/03/2019,2138,14,23,29,41,57,58
03/04/2019,2139,17,20,26,36,42,54
06/04/2019,2140,10,11,17,19,37,41
10/04/2019,2141,7,40,44,50,52,57
13/04/2019,2142,2,12,35,51,57,58
17/04/2019,2143,7,16,21,33,55,60
20/04/2019,2144,6,8,28,51,53,59
24/04/2019,2145,16,18,31,39,42,44
27/04/2019,2146,17,19,37,41,42,49
02/05/2019,2147,8,15,32,33,58,59
04/05/2019,2148,21,23,37,44,46,48
08/05/2019,2149,23,24,26,38,42,49
11/05/2019,2150,2,14,18,29,36,38
15/05/2019,2151,26,29,36,49,50,59
18/05/2019,2152,8,13,28,31,32,33
22/05/2019,2153,7,25,41,47,50,53
25/05/2019,2154,2,6,27,37,44,47
29/05/2019,2155,1,6,23,26,39,49
01/06/2019,2156,31,33,34,35,39,48
05/06/2019,2157,9,27,35,45,46,59
08/06/2019,2158,14,26,35,38,45,53
12/06/2019,2159,1,19,46,47,49,53
15/06/2019,2160,8,9,10,24,42,44
19/06/2019,2161,11,16,22,30,34,42
22/06/2019,2162,8,18,20,24,36,45
26/06/2019,2163,16,17,25,47,48,58
29/06/2019,2164,5,37,43,49,54,56
03/07/2019,2165,3,19,34,44,56,58
06/07/2019,2166,27,37,38,43,45,54
09/07/2019,2167,1,4,25,27,29,37
11/07/2019,2168,7,34,45,51,54,59
13/07/2019,2169,10,21,24,36,38,51
17/07/2019,2170,12,13,19,36,44,55
20/07/2019,2171,9,24,28,37,43,57
24/07/2019,2172,2,9,42,44,48,50
27/07/2019,2173,10,15,34,36,56,60
31/07/2019,2174,7,25,32,43,53,55
03/08/2019,2175,8,23,25,39,43,44
06/08/2019,2176,9,11,14,31,48,51
08/08/2019,2177,2,16,21,42,50,56
10/08/2019,2178,2,13,24,35,50,54
14/08/2019,2179,10,12,16,21,28,38
17/08/2019,2180,1,8,19,33,36,48
21/08/2019,2181,19,22,39,46,47,59
24/08/2019,2182,13,26,30,34,43,51
28/08/2019,2183,15,36,45,51,52,59
31/08/2019,2184,9,18,19,22,42,47
04/09/2019,2185,12,18,19,27,41,46
09/09/2019,2186,10,11,16,21,46,50
11/09/2019,2187,2,17,21,28,51,60
14/09/2019,2188,4,11,16,22,29,33
18/09/2019,2189,5,9,20,25,35,53
21/09/2019,2190,4,8,26,33,46,53
24/09/2019,2191,7,16,37,53,57,59
26/09/2019,2192,7,8,22,27,29,42
28/09/2019,2193,8,16,20,21,31,34
02/10/2019,2194,14,24,32,38,46,53
05/10/2019,2195,1,25,27,28,41,56
09/10/2019,2196,3,11,29,35,44,57
14/10/2019,2197,1,11,34,36,44,56
16/10/2019,2198,15,23,30,35,38,44
19/10/2019,2199,11,15,28,36,43,55
22/10/2019,2200,3,13,23,41,49,53
24/10/2019,2201,11,29,37,38,43,60
26/10/2019,2202,17,34,46,49,50,57
30/10/2019,2203,1,28,29,32,35,56
04/11/2019,2204,12,21,28,37,42,57
06/11/2019,2205,6,27,38,42,45,57
09/11/2019,2206,6,10,11,43,53,55
13/11/2019,2207,16,25,30,40,45,49
16/11/2019,2208,22,25,28,32,33,47
20/11/2019,2209,11,17,24,25,33,34
23/11/2019,2210,27,36,40,41,44,54
27/11/2019,2211,23,26,51,52,53,58
30/11/2019,2212,5,7,10,32,46,60
04/12/2019,2213,4,10,18,30,34,47
07/12/2019,2214,1,19,21,23,33,43
11/12/2019,2215,10,24,42,43,48,49
14/12/2019,2216,10,14,16,30,32,36
17/12/2019,2217,6,16,22,38,48,52
19/12/2019,2218,8,28,36,45,57,59
21/12/2019,2219,3,35,38,40,57,58
31/12/2019,2220,5,23,34,45,56,57
04/01/2020,2221,13,14,29,30,48,59
08/01/2020,2222,2,26,40,42,49,56
11/01/2020,2223,16,23,32,50,52,58
15/01/2020,2224,1,32,37,44,46,47
18/01/2020,2225,2,4,7,16,30,38
21/01/2020,2226,6,9,12,27,32,57
23/01/2020,2227,9,19,23,32,39,45
25/01/2020,2228,6,11,29,40,41,58
29/01/2020,2229,7,17,26,39,56,60
01/02/2020,2230,4,13,25,40,53,57
05/02/2020,2231,7,8,31,34,38,47
08/02/2020,2232,4,6,32,35,41,45
12/02/2020,2233,4,21,27,29,42,47
15/02/2020,2234,14,18,30,35,55,57
19/02/2020,2235,7,20,38,43,45,53
22/02/2020,2236,11,20,27,28,53,60
27/02/2020,2237,11,36,45,55,57,58
29/02/2020,2238,7,27,31,39,45,46
04/03/2020,2239,7,9,10,19,25,58
07/03/2020,2240,1,13,18,26,40,56
10/03/2020,2241,5,9,18,24,25,42
12/03/2020,2242,14,18,28,35,38,54
14/03/2020,2243,3,5,11,34,37,42
18/03/2020,2244,11,14,15,18,33,34
21/03/2020,2245,5,9,24,27,33,46
25/03/2020,2246,1,42,44,47,48,53
28/03/2020,2247,9,15,20,29,30,42
01/04/2020,2248,4,9,31,47,49,53
04/04/2020,2249,27,33,39,52,57,58
08/04/2020,2250,5,15,22,26,54,58
11/04/2020,2251,1,17,30,37,46,50
15/04/2020,2252,31,32,33,39,52,55
18/04/2020,2253,4,9,24,44,47,56
22/04/2020,2254,15,20,39,41,49,57
25/04/2020,2255,9,10,30,37,47,54
29/04/2020,2256,18,21,30,31,34,51
02/05/2020,2257,1,5,7,14,23,26
05/05/2020,2258,20,27,41,54,56,58
07/05/2020,2259,12,14,34,35,37,47
09/05/2020,2260,7,23,26,27,29,51
13/05/2020,2261,7,8,14,23,30,46
16/05/2020,2262,9,24,33,43,49,57
20/05/2020,2263,2,3,8,19,29,37
23/05/2020,2264,14,20,23,39,46,50
27/05/2020,2265,10,23,31,37,58,59
30/05/2020,2266,20,32,33,48,49,53
03/06/2020,2267,4,13,23,28,30,52
06/06/2020,2268,1,11,14,23,29,55
10/06/2020,2269,14,16,38,39,41,48
13/06/2020,2270,6,10,27,28,41,52
17/06/2020,2271,2,5,11,24,41,49
20/06/2020,2272,15,16,20,38,40,58
24/06/2020,2273,8,11,17,33,40,55
27/06/2020,2274,2,4,25,36,50,53
01/07/2020,2275,5,15,18,27,49,57
04/07/2020,2276,10,22,23,37,53,60
08/07/2020,2277,8,17,34,37,43,45
11/07/2020,2278,5,12,14,20,27,28
14/07/2020,2279,28,29,31,50,58,59
16/07/2020,2280,14,27,35,40,50,55
18/07/2020,2281,12,27,30,36,45,52
22/07/2020,2282,4,24,37,43,59,60
25/07/2020,2283,4,10,12,14,36,46
29/07/2020,2284,1,7,10,12,33,42
01/08/2020,2285,9,21,30,41,42,43
05/08/2020,2286,2,4,6,29,41,56
08/08/2020,2287,2,26,35,39,40,56
11/08/2020,2288,6,9,34,37,38,45
13/08/2020,2289,5,18,36,44,57,60
15/08/2020,2290,12,26,31,36,37,49
19/08/2020,2291,6,16,18,33,42,57
22/08/2020,2292,1,2,10,37,42,48
26/08/2020,2293,9,15,20,33,41,43
29/08/2020,2294,6,13,26,28,35,41
02/09/2020,2295,1,6,21,29,36,59
05/09/2020,2296,20,22,35,40,41,59
09/09/2020,2297,13,17,21,31,41,49
12/09/2020,2298,2,3,19,40,44,60
15/09/2020,2299,9,21,37,39,43,54
17/09/2020,2300,17,18,35,36,47,52
19/09/2020,2301,18,22,25,27,43,44
23/09/2020,2302,3,7,17,20,48,50
26/09/2020,2303,12,21,29,54,56,57
30/09/2020,2304,7,16,22,38,55,57
03/10/2020,2305,3,19,28,33,57,58
07/10/2020,2306,16,33,38,46,53,55
10/10/2020,2307,9,13,26,38,58,60
14/10/2020,2308,9,11,29,30,33,60
17/10/2020,2309,13,17,28,29,42,53
20/10/2020,2310,3,5,9,35,43,60
22/10/2020,2311,3,27,39,46,47,60
24/10/2020,2312,3,20,26,45,49,58
28/10/2020,2313,6,7,28,42,45,49
31/10/2020,2314,1,10,17,26,30,53
04/11/2020,2315,2,11,43,49,52,56
07/11/2020,2316,3,8,30,33,35,48
11/11/2020,2317,28,44,52,54,58,60
14/11/2020,2318,6,17,25,35,40,49
18/11/2020,2319,6,30,35,39,42,48
21/11/2020,2320,14,25,28,41,43,46
25/11/2020,2321,2,5,10,29,34,41
28/11/2020,2322,20,27,35,39,50,59
02/12/2020,2323,2,16,19,31,43,60
05/12/2020,2324,33,34,37,46,52,60
08/12/2020,2325,10,16,27,34,36,57
10/12/2020,2326,30,37,45,54,57,58
12/12/2020,2327,8,11,14,39,48,53
16/12/2020,2328,12,14,28,42,45,55
19/12/2020,2329,17,20,22,35,41,42
31/12/2020,2330,11,13,16,36,53,57
02/01/2021,2331,12,33,35,36,44,52
06/01/2021,2332,9,16,31,41,53,55
09/01/2021,2333,4,13,20,22,25,60
13/01/2021,2334,9,18,23,42,47,49
16/01/2021,2335,8,10,20,27,28,50
20/01/2021,2336,2,9,34,49,51,55
23/01/2021,2337,8,21,23,34,42,47
26/01/2021,2338,4,18,29,47,48,59
28/01/2021,2339,16,21,28,41,49,51
30/01/2021,2340,4,9,31,32,42,46
03/02/2021,2341,17,20,24,27,40,60
06/02/2021,2342,4,31,42,45,49,56
10/02/2021,2343,11,17,25,38,52,57
13/02/2021,2344,7,16,19,22,28,55
17/02/2021,2345,3,4,11,40,42,58
20/02/2021,2346,8,9,17,30,58,60
24/02/2021,2347,2,3,7,48,51,54
27/02/2021,2348,5,10,25,32,49,54
03/03/2021,2349,25,28,29,34,41,45
06/03/2021,2350,19,22,35,41,47,49
10/03/2021,2351,9,17,38,41,49,55
13/03/2021,2352,3,19,34,41,48,53
17/03/2021,2353,6,18,25,30,42,54
20/03/2021,2354,7,30,31,41,50,56
24/03/2021,2355,3,10,25,36,51,58
27/03/2021,2356,19,28,30,34,40,51
31/03/2021,2357,5,9,11,16,43,57
03/04/2021,2358,31,32,39,42,43,51
06/04/2021,2359,10,15,21,24,29,45
08/04/2021,2360,14,21,22,29,35,46
10/04/2021,2361,3,20,22,32,35,50
14/04/2021,2362,6,14,24,34,39,58
17/04/2021,2363,20,33,42,44,51,56
22/04/2021,2364,1,17,28,37,44,50
24/04/2021,2365,4,27,33,35,38,41
28/04/2021,2366,5,23,29,34,53,60
30/04/2021,2367,4,7,13,25,36,58
04/05/2021,2368,4,9,17,19,37,60
06/05/2021,2369,7,31,37,42,44,56
08/05/2021,2370,4,15,30,36,39,48
12/05/2021,2371,3,19,25,44,46,57
15/05/2021,2372,23,24,26,44,49,60
19/05/2021,2373,12,13,25,37,39,41
22/05/2021,2374,2,6,44,46,53,58
26/05/2021,2375,12,14,17,18,19,22
29/05/2021,2376,5,18,29,35,43,44
02/06/2021,2377,11,37,38,41,49,54
05/06/2021,2378,2,8,26,32,46,56
09/06/2021,2379,11,16,20,24,39,53
12/06/2021,2380,7,23,32,41,42,47
16/06/2021,2381,6,9,19,38,53,55
19/06/2021,2382,13,15,16,20,40,41
23/06/2021,2383,9,13,22,25,26,31
26/06/2021,2384,12,24,32,37,43,60
29/06/2021,2385,11,13,16,35,49,50
01/07/2021,2386,8,26,30,31,38,48
03/07/2021,2387,8,30,33,37,45,48
07/07/2021,2388,16,30,37,39,40,51
10/07/2021,2389,9,13,20,22,32,56
14/07/2021,2390,5,8,13,27,36,50
17/07/2021,2391,11,15,23,25,34,53
21/07/2021,2392,26,27,28,32,38,51
24/07/2021,2393,5,16,25,36,42,44
28/07/2021,2394,4,11,12,44,45,57
31/07/2021,2395,2,3,25,39,42,49
04/08/2021,2396,6,14,20,39,46,48
07/08/2021,2397,8,17,30,36,54,59
10/08/2021,2398,27,35,42,44,51,52
12/08/2021,2399,9,21,25,26,36,53
14/08/2021,2400,8,11,13,33,38,48
18/08/2021,2401,6,22,25,29,30,60
21/08/2021,2402,10,12,14,32,33,34
25/08/2021,2403,1,19,35,40,47,54
28/08/2021,2404,21,38,48,49,53,59
01/09/2021,2405,8,12,29,43,54,60
04/09/2021,2406,13,17,31,43,54,55
08/09/2021,2407,4,29,30,38,43,57
11/09/2021,2408,2,29,39,49,52,58
15/09/2021,2409,7,10,27,35,43,59
18/09/2021,2410,7,26,29,34,43,44
22/09/2021,2411,9,16,34,36,49,60
25/09/2021,2412,3,22,37,40,41,48
28/09/2021,2413,4,5,6,14,29,38
30/09/2021,2414,10,12,26,29,35,60
02/10/2021,2415,6,7,11,26,37,57
06/10/2021,2416,3,7,10,11,27,46
09/10/2021,2417,2,11,19,27,57,60
13/10/2021,2418,10,35,43,48,50,53
16/10/2021,2419,5,8,29,39,44,60
19/10/2021,2420,2,3,32,35,48,57
21/10/2021,2421,2,7,10,20,30,46
23/10/2021,2422,16,18,38,48,51,60
27/10/2021,2423,3,16,17,37,38,53
30/10/2021,2424,10,31,38,46,49,54
03/11/2021,2425,5,11,24,27,32,57
06/11/2021,2426,3,19,25,37,44,56
10/11/2021,2427,3,9,25,28,29,39
13/11/2021,2428,11,37,53,55,56,60
17/11/2021,2429,19,26,39,45,46,56
20/11/2021,2430,8,11,22,25,26,36
24/11/2021,2431,7,29,38,40,44,52
27/11/2021,2432,8,9,32,52,53,57
01/12/2021,2433,1,2,14,28,40,51
04/12/2021,2434,5,22,30,32,33,36
07/12/2021,2435,5,15,28,32,38,54
09/12/2021,2436,1,19,41,46,48,55
11/12/2021,2437,4,11,19,25,37,55
15/12/2021,2438,2,8,34,38,47,51
18/12/2021,2439,12,15,23,32,33,46
31/12/2021,2440,9,41,42,46,47,54
05/01/2022,2441,2,7,9,25,41,49
08/01/2022,2442,1,5,12,13,17,31
12/01/2022,2443,15,17,20,35,37,43
15/01/2022,2444,11,25,32,37,47,56
19/01/2022,2445,1,13,27,41,51,58
22/01/2022,2446,13,19,29,42,49,52
25/01/2022,2447,18,30,32,35,40,48
27/01/2022,2448,14,20,21,31,49,52
29/01/2022,2449,2,6,11,15,17,39
02/02/2022,2450,13,26,31,46,51,60
05/02/2022,2451,8,10,51,56,57,58
09/02/2022,2452,10,14,15,24,34,44
12/02/2022,2453,9,14,22,24,44,47
16/02/2022,2454,21,38,50,53,56,59
19/02/2022,2455,28,34,40,41,52,55
22/02/2022,2456,10,19,46,47,49,50
24/02/2022,2457,15,40,44,45,47,51
26/02/2022,2458,15,24,33,49,53,59
03/03/2022,2459,16,17,18,28,35,47
05/03/2022,2460,8,11,16,21,32,37
09/03/2022,2461,3,16,23,41,45,57
12/03/2022,2462,11,16,31,37,42,51
16/03/2022,2463,2,7,24,43,52,56
19/03/2022,2464,3,8,23,29,53,54
23/03/2022,2465,2,3,13,20,53,54
26/03/2022,2466,1,10,19,34,35,45
30/03/2022,2467,22,35,41,42,53,57
02/04/2022,2468,5,28,30,38,52,55
06/04/2022,2469,8,33,40,42,48,51
09/04/2022,2470,8,23,29,30,36,55
13/04/2022,2471,5,13,18,23,35,36
16/04/2022,2472,15,18,28,42,55,60
20/04/2022,2473,22,30,38,39,49,56
23/04/2022,2474,1,40,44,45,58,60
26/04/2022,2475,2,7,32,46,49,55
28/04/2022,2476,20,33,37,38,49,50
30/04/2022,2477,2,17,23,28,39,46
04/05/2022,2478,10,15,17,20,21,35
07/05/2022,2479,4,6,9,31,50,56
11/05/2022,2480,1,8,21,27,36,37
14/05/2022,2481,1,32,35,44,45,57
18/05/2022,2482,20,34,38,40,49,54
21/05/2022,2483,11,14,36,41,54,59
25/05/2022,2484,5,12,32,38,47,60
28/05/2022,2485,8,9,17,19,33,56
31/05/2022,2486,23,36,42,48,54,58
02/06/2022,2487,17,31,34,40,56,57
04/06/2022,2488,3,10,13,25,41,42
08/06/2022,2489,11,16,17,41,46,59
11/06/2022,2490,22,29,38,43,48,53
15/06/2022,2491,10,30,31,33,42,52
18/06/2022,2492,4,9,37,43,44,56
22/06/2022,2493,1,4,10,22,53,54
25/06/2022,2494,8,12,14,30,33,41
28/06/2022,2495,7,26,31,38,46,58
30/06/2022,2496,5,14,23,46,48,52
02/07/2022,2497,9,12,26,29,46,47
06/07/2022,2498,11,19,38,47,56,59
09/07/2022,2499,5,16,25,32,39,55
13/07/2022,2500,11,27,32,40,58,59
16/07/2022,2501,16,20,21,39,44,55
20/07/2022,2502,3,14,16,38,43,45
23/07/2022,2503,14,33,41,42,44,55
27/07/2022,2504,3,5,19,26,43,51
30/07/2022,2505,21,22,29,34,40,44
02/08/2022,2506,4,6,12,34,35,53
04/08/2022,2507,41,45,48,51,53,58
06/08/2022,2508,8,37,39,50,59,60
10/08/2022,2509,8,13,25,32,44,57
13/08/2022,2510,4,10,15,39,41,49
17/08/2022,2511,7,10,34,47,49,52
20/08/2022,2512,13,19,21,35,46,50
24/08/2022,2513,5,15,24,34,45,52
27/08/2022,2514,3,12,19,41,45,54
31/08/2022,2515,8,17,49,51,52,53
03/09/2022,2516,1,5,6,16,22,39
08/09/2022,2517,3,22,23,44,53,60
10/09/2022,2518,3,8,20,36,38,57
13/09/2022,2519,2,17,22,41,58,60
15/09/2022,2520,23,28,33,38,55,59
17/09/2022,2521,4,5,25,32,39,40
21/09/2022,2522,1,10,27,36,37,45
24/09/2022,2523,3,20,22,37,41,43
28/09/2022,2524,4,13,21,26,47,51
01/10/2022,2525,2,16,24,38,43,59
05/10/2022,2526,8,19,29,38,48,56
08/10/2022,2527,4,15,22,53,56,60
13/10/2022,2528,3,5,32,56,57,59
15/10/2022,2529,14,17,18,28,30,44
18/10/2022,2530,1,5,18,49,55,56
20/10/2022,2531,10,14,17,18,23,30
22/10/2022,2532,17,18,20,37,45,53
26/10/2022,2533,28,36,39,44,56,60
29/10/2022,2534,1,3,24,37,51,56
03/11/2022,2535,9,22,27,30,33,45
05/11/2022,2536,12,24,26,31,37,48
09/11/2022,2537,6,15,19,20,33,52
12/11/2022,2538,1,23,32,33,36,59
16/11/2022,2539,2,8,28,34,41,49
19/11/2022,2540,10,28,45,47,57,59
22/11/2022,2541,12,20,22,25,26,55
24/11/2022,2542,2,5,27,30,46,53
26/11/2022,2543,25,38,45,53,55,56
